sample,MAGEA1,MAGEA2,MAGEA2B,MAGEA3,MAGEA4,MAGEA5,MAGEA6,MAGEA7P,MAGEA8,MAGEA9,MAGEA9B,MAGEA10,MAGEA11,MAGEA12,MAGEB1,MAGEB2,MAGEB3,MAGEB4,MAGEB5,MAGEB6,MAGEB10,MAGEB16,MAGEB17,MAGEB18,MAGEC1,MAGEC2,MAGEC3,CSAG1,CSAG2,CSAG3,CSAG4,MAGED1,MAGED2,TRO,MAGED4,MAGED4B,MAGEE1,MAGEE2,MAGEF1,NSMCE3,MAGEH1,MAGEL2,TRIM28,NDN,Category
TCGA-HV-A5A6-01A,0.0,0.0,0.0,0.0,0.0,0.09453609453609453,0.0006425196850393701,0.0,1.0,0.0,0.0,0.014002613821246632,0.0,0.0,0.0,0.48152810729676077,0.0,0.0,0.0,0.0,0.0,0.0,0.003167126302581342,0.0,0.0,0.0,0.11614173228346457,0.0,0.0,0.0,0.0,0.3386248365789392,0.4679453795869508,0.10394610699528926,0.055033089515848135,0.11382474837181764,0.09751090870340666,0.0,0.3996710617576817,0.45199344732964947,0.08184801305656271,0.04102278018396338,0.6986210247832252,0.1811100465734039,Medium expressed
TCGA-IB-A7LX-01A,0.0,0.35767195767195764,0.0,0.0,0.0,0.19082719082719082,0.0,0.0,0.7404264127509833,0.0,0.0,0.04240791614434695,0.018123928483957875,0.0,0.0,0.0,0.0,0.0,0.0,0.0,0.0,0.0,0.0064013527386919495,0.0,0.0,0.0,0.5473847019122609,0.0,0.0,0.0,0.0,0.17935094537642873,0.22847356363886892,0.07331474538035965,0.11145942180424938,0.046033155713439904,0.06167764080359847,0.019775385873056037,0.24812185663736858,0.20033038096840775,0.04414844607406895,0.017192757430135208,0.6377999300171721,0.08730523562645773,Medium expressed
TCGA-LB-A7SX-01A,0.030698085512713268,1.0,1.0,1.0,1.0,1.0,1.0,0.0,0.5642724073690748,1.0,0.07641831852358168,1.0,0.1011511143766838,1.0,1.0,0.905655352733259,0.667621776504298,0.0,0.0,0.34763948497854075,0.5851063829787234,0.0,0.2526252927243325,0.0,0.10703679010849143,1.0,0.05469628796400449,1.0,0.40287185044703333,1.0,1.0,0.21505510507074074,0.21537985246234206,0.03738090746765412,0.0,0.0,0.015331074941951116,0.018432372462385896,0.3533716496230005,0.24786814983223376,0.03538432269080915,0.009281629138956487,0.48987954256311095,0.06613562519652029,Medium expressed
TCGA-2J-AAB8-01A,0.0,0.0,0.0,0.0,0.0,0.0,0.0,0.0,0.5433657627820327,0.0,0.0,0.0,0.4016654420769042,0.0,0.0,0.0,0.0,0.0,0.0,0.0,0.0,0.0,0.01937851856325194,0.0,0.0,0.0,0.0,0.0,0.0,0.0,0.0,0.40905565976953145,0.6173067375206531,0.2529813508911106,0.0,0.0,0.07421283469248113,0.13307511143118517,0.5129843785342175,0.4781388767733937,0.09905255801082387,0.07254869231377441,0.47555708151381354,0.23034460143838714,Medium expressed
TCGA-HV-A5A3-01A,0.0,0.0,0.0,0.0,0.0,0.0,0.0,0.0,0.49099565307389775,0.0,0.0,0.0,0.0,0.00888740029910269,0.0,0.0,0.0,0.0,0.0,0.0,0.0,0.0,0.004670169293636894,0.0,0.0,0.0,0.0,0.008135172268019446,0.0,0.0,0.0,0.21951028224757108,0.24136736023029048,0.09444454493538576,0.0,0.0,0.020762992293800266,0.0,0.26346197218679956,0.22296594191201977,0.0391630057767114,0.04104035070765284,0.7056895937962043,0.08235085877460065,Medium expressed
TCGA-2L-AAQA-01A,0.0,0.0,0.0,0.0,0.0,0.15818415818415815,0.0,0.0,0.44649140964603606,0.0,0.0,0.0,0.0,0.0,0.0,0.0,0.0,0.0,0.04343861394346349,0.0,0.0,0.0,0.0,0.0,0.0,0.0,0.03248031496062992,0.0030833861762840837,0.0,0.0,0.0,0.19605726563916678,0.23844395649705918,0.09362798425795048,0.0,0.0,0.026060303536775513,0.021858029857718436,0.31242376697933966,0.3611455496447203,0.04381943767472429,0.025916522441951383,0.4499503951198102,0.09985513492544298,Medium expressed
TCGA-IB-A6UF-01A,0.0,0.0,0.0,0.0,0.0,0.0,0.0,0.0,0.36120885944938935,0.0,0.0,0.0031605899767956683,0.0,0.0,0.0,0.0,0.0,0.0,0.0,0.0,0.0,0.0,0.4464842885037341,0.0,0.0,0.0,0.03501124859392576,0.0,0.0,0.0,0.0,0.25752378562198874,0.41272209911702656,0.10496163973652996,0.09961685823754789,0.08229721728833629,0.048797518760726424,0.0,0.24893718480695684,0.2660631432898664,0.050269692548136645,0.016072636544932222,0.7162274704848435,0.111634392038553,Medium expressed
TCGA-HZ-A4BH-01A,0.0,0.0,0.0,0.0,0.0,0.0,0.0,0.0,0.2999379010556821,0.0,0.0,0.0,0.0,0.0,0.0,0.0,0.0,0.0,0.0,0.0,0.0,0.0,0.0,0.0,0.0,0.0,0.0,0.0145001056859015,0.21430506637767543,0.012083183662863125,0.0,0.35001374863969276,0.5034026260654954,0.18742910005193947,0.0,0.025606867969212552,0.12027055827883656,0.06611908052241276,0.3081767493081297,0.4604281215334898,0.10574730897072651,0.09490718370861044,0.3865529816527679,0.2699639598657204,Medium expressed
TCGA-3A-A9IR-01A,0.003544879180542622,0.0,0.0,0.0,0.0,0.0,0.0,0.0,0.2804802318360588,0.0,0.045522898154477104,0.0,0.0,0.0,0.0,0.0,0.0,0.0,0.0,0.0,0.0,0.0,1.0,0.0,0.0,0.0,0.4561304836895388,0.0,0.0,0.0,0.0,1.0,0.8845328410899441,0.5513024918020926,0.23197492163009406,0.03833629366489047,0.7412926673322192,1.0,1.0,0.831931560998561,0.2017682334332282,0.0013002187530199339,0.5634987975493875,0.03433010884233626,Medium expressed
TCGA-HZ-8002-01A,0.0,0.0,0.0,0.0,0.0,0.0,0.0,0.0,0.2417718898778721,0.0,0.0,0.0031739257994825706,0.0,0.0013669927716849451,0.0,0.0,0.0,0.0,0.0,0.0,0.0,0.42111650485436897,0.02010991001872094,0.0,0.009818776895569429,0.0,0.03515185601799775,0.0066740646797717185,0.0,0.0,0.0,0.31087777637558295,0.42544374703794097,0.2913803751527821,0.0,0.0,0.19432074392309506,0.11246277517176947,0.2519820993362158,0.5747770271894608,0.23044522658733776,0.1325783864988096,0.45060572564708834,0.33237423463097243,Medium expressed
TCGA-Z5-AAPL-01A,0.0,0.0,0.0,0.0,0.0,0.0,0.0,0.0,0.23473400952183815,0.0,0.0,0.0,0.0,0.001772027666999003,0.0,0.0,0.0,0.0,0.0,0.0,0.0,0.0,0.0,0.0,0.0,0.0021282458123913313,0.04541619797525309,0.010806383428450644,0.0,0.0,0.0,0.1633048450111213,0.2254588794613968,0.10380656814534779,0.0,0.0,0.20411333834367185,0.007668801214551258,0.19850270758800273,0.6651441209702623,0.1146142229112487,0.01726303952489304,0.48645245718608354,0.16775993191211025,Medium expressed
TCGA-S4-A8RP-01A,0.0,0.0,0.0,0.0,0.0,0.10892710892710893,0.0,0.0,0.2305940799006417,0.0,0.0,0.0,0.0,0.0017369765702891326,0.0,0.0,0.0,0.0,0.0,0.0,0.0,0.0,0.010957451805329093,0.0,0.0,0.0,0.08928571428571427,0.006367575565419573,0.0,0.0,0.0,0.25548371089213107,0.34861910562171267,0.29430552289599965,0.06339254615116684,0.18368857312018946,0.12323189267406254,0.06775405337018511,0.3652454780783453,0.50353906016574,0.141273533731026,0.10081087966826852,0.47368236088890325,0.22356756013901133,Medium expressed
TCGA-HZ-A49I-01A,0.0,0.0,0.0,0.0,0.0,0.0,0.0,1.0,0.22914510453322295,0.0,0.0,0.008028165257514736,0.0,0.0,0.0,0.0,0.0,0.0,0.0,0.0,0.0,0.0,0.0072669444612194775,0.0,0.0,0.0,0.0,0.006330585499894315,0.0,0.0,0.0,0.4401042947803414,0.48179536486233926,0.1399238738051986,0.0,0.0,0.07337435080595407,0.02246141269439633,0.35543314390607467,0.48079703550049974,0.06260986600671067,0.0620898380876242,0.4296164394921593,0.19242439595699887,Medium expressed
TCGA-FB-AAPU-01A,0.0,0.0,0.0,0.0,0.0,0.12191412191412192,0.0004141732283464567,0.0,0.21506934382115506,0.0,0.0,0.011295441815805617,0.0,0.0,0.0,0.022175955067060476,0.6103151862464183,0.0,0.7027273480891985,0.0,0.0,0.0,0.0,0.0,0.0,0.0,0.124859392575928,0.005939547664341577,0.0,0.0,0.0,0.18104807650945687,0.2591627084330809,0.0381509551951089,0.035527690700104496,0.014653641207815277,0.015535788399196853,0.0,0.30977998868724005,0.2737525714423087,0.06344437596108188,0.007489435722631714,0.33091966739953116,0.04592018460620489,Medium expressed
TCGA-IB-7646-01A,0.0,0.0,0.0,0.0,0.0,0.0,0.0,0.0,0.21506934382115506,0.0,0.0,0.0,0.0,0.0,0.0,0.0,0.0,0.0,0.0,0.0,0.0,1.0,0.0034086867832866987,0.0,0.08158070186071884,0.0,0.0,0.005939547664341577,0.0,0.04042249107709239,0.0,0.3112668260415634,0.4388505189015596,0.09571331484874247,0.059212817833507486,0.0489934872705743,0.030950992159194158,0.007026490452926407,0.3550163408345918,0.7208864650266675,0.08264812846500481,0.039946585607984045,0.2555604491845787,0.18671459840713653,Medium expressed
TCGA-M8-A5N4-01A,0.0,0.0,0.0,0.0,0.0,0.1997191997191997,0.0,0.0,0.21134340716207825,0.0,0.0,0.0,0.03788064331782186,0.0,0.0,0.0,1.0,0.0,0.0,0.0,0.0,0.0,0.0033482966631103593,0.0,0.0,0.0,0.040916760404949376,0.0038892411752272245,0.0,0.005670918581811789,0.0,0.2364597288440282,0.3149916329151729,0.10918656602642451,0.0,0.0,0.06329291411008538,0.034490141503007186,0.16767462074021222,0.31926066096799566,0.05255663504202817,0.06786175511961134,0.38077282481841884,0.1454595823832588,Medium expressed
TCGA-F2-A44G-01A,0.0,0.0,0.0,0.0,0.0,0.0,0.0,0.0,0.2078244669840613,0.0,0.0,0.04364814765422879,0.0,0.0,0.0,0.0,0.0,0.0,0.05388377683826578,0.0,0.0,0.0,0.006589233112573894,0.0,0.0,0.0,0.12078177727784027,0.0019129148171633907,0.0,0.0,0.0,0.1616036736555387,0.21307337264408385,0.12868841233213346,0.0,0.023682652457075192,0.06042412141471021,0.013566381844015806,0.2162029664498007,0.38311485374975535,0.07370908424816275,0.03055953332689081,0.4891923556907568,0.1796953180008011,Medium expressed
TCGA-HZ-A49G-01A,0.0,0.0,0.0,0.0,0.0,0.09804609804609804,0.0,0.0,0.20741047402194163,0.0,0.0,0.0,0.0,0.0,0.0,0.011886892945334817,0.0,0.0,0.0,0.0,0.0,0.0,0.01972743925760412,0.0,0.0,0.0,0.0,0.001910272669625872,0.0,0.005571562865418861,0.0,0.23851620212425398,0.3465760549182025,0.5534395034484184,0.05712295367467781,0.0,0.10968995726256045,0.006773458940771162,0.20132273776624232,0.3741032148609618,0.1333956103911623,0.08591107557960766,0.4510203637893476,0.18842114464718984,Medium expressed
TCGA-2J-AABF-01A,0.0,0.0,0.0,0.0,0.0,0.07125307125307126,0.0,0.0,0.20099358310908716,0.0,0.0,0.002640492892006508,0.0,0.0,0.0,0.0,0.0,0.0,0.03912791179640222,0.0,0.0,0.0,0.02149888278277674,0.0,0.0,0.0,0.11670416197975253,0.012489431409849927,0.0,0.004050656129865563,0.0,0.28150179350232396,0.38411817450912034,0.1507329665701092,0.04144897248345524,0.05150976909413854,0.12308326509551426,0.049224361095431816,0.2663485864109143,0.4229906689699463,0.0962145166210169,0.09450745429467525,0.6856911411043937,0.1927827532714239,Medium expressed
TCGA-2L-AAQE-01A,0.002698906232737259,0.0,0.0,0.0005008142779361601,0.0,0.0,0.0006188976377952757,0.0,0.1922997309045746,0.0,0.05208475734791524,0.010095217773984477,0.0,0.001448778664007976,0.0,0.0,0.0,0.0,0.0,0.0,0.0,0.0,0.003046346062228664,0.0,0.0,0.0,0.0,0.005310716550412175,0.0,0.010325351757449768,0.0,0.22114229449942716,0.29524121725075453,0.08443392447847355,0.0,0.021906453522794554,0.08299868759043849,0.03766276738618448,0.3594572355805557,0.4302954539990865,0.05461067732491407,0.037196798650583784,0.6806990495684729,0.14787718955666765,Medium expressed
TCGA-IB-7897-01A,0.0,0.0,0.0,0.0,0.003087264058775255,0.0,0.0,0.0,0.18112192092734422,0.0,0.0,0.0,0.0,0.0013669927716849451,0.0,0.0,0.0,0.0,0.0,0.0,0.0,0.0,0.02010320000536801,0.0,0.0,0.0,0.21048931383577052,0.00500422743606003,0.0,0.009729217459092193,0.0,0.34253434605076566,0.44020931334719665,0.30026693265183246,0.14977359804946008,0.08244523386619301,0.40495967425321655,0.32539852463164454,0.2664184343806068,0.7758148767596564,0.2087927789535253,0.19772549570839956,0.3365352331176541,0.35943586556555873,Medium expressed
TCGA-HZ-7923-01A,0.0,0.0,0.0,0.0,0.0007585980189097798,0.3153153153153153,0.0,0.0,0.1778099772303871,0.0,0.0,0.007001306910623316,0.011919340354314637,0.0,0.0,0.007650220306977195,0.0,0.0,0.0,0.0,0.0,0.0,0.021143252075071627,0.0,0.0,0.0012113899155352442,0.10334645669291337,0.0024571972098922003,0.0,0.0,0.0,0.23686517706037685,0.30805588098557196,0.23419528720454585,0.03692093347265761,0.030343398460627592,0.17241640399780145,0.1829807112131888,0.21352393778047304,0.49555428104361926,0.15090970625878536,0.1512778163353159,0.32942949836875285,0.3656879829832464,Medium expressed
TCGA-FB-A5VM-01A,0.0,0.0,0.0,0.0004607976407160795,0.0,0.0,0.0,0.0,0.176774994825088,0.0,0.0,0.0,0.0,0.0013319416749750749,0.0,0.0,0.0,0.0,0.0,0.0,0.0,0.0,0.0,0.0,0.0,0.0,0.0343082114735658,0.001627562883111393,0.0,0.0,0.0,0.3292284672179907,0.2993143033853071,0.10408822989800744,0.0487634970393591,0.06039076376554175,0.056618694545087445,0.017322926601397514,0.4378700677623224,0.34040572980881173,0.07292744362439112,0.056124645295053024,0.766105152232877,0.2146616850361032,Medium expressed
TCGA-S4-A8RM-01A,0.0,0.0,0.0,0.0,0.0,0.0,0.0,0.0,0.1761540053819085,0.0,0.0,0.0,0.0,0.002656094217347956,0.0,0.0,0.0,0.0,0.0,0.0,0.0,0.0,0.0,0.0,0.009515728225953087,0.0,0.0,0.008106108645106743,0.0,0.0,0.0,0.14471292911619657,0.2714499933275037,0.07812108354501032,0.04841518634622082,0.0600947306098283,0.03724102345511448,0.023006403643653778,0.31218778528734115,0.34895373636148214,0.026339736353030337,0.025218094125295406,0.3422961750137033,0.07339018631536053,Medium expressed
TCGA-IB-AAUP-01A,0.0,0.0,0.0,0.0,0.0,0.08201708201708201,0.0,0.0,0.17346305112813082,0.0,0.0,0.0,0.0,0.0026171485543369888,0.0,0.009950128310657046,0.0,0.0,0.0,0.0,0.0,0.0,0.008246606410746756,0.0,0.0,0.0,0.0672103487064117,0.011181568378778272,0.6605256028176646,0.013978585021743616,0.0,0.2653064425626514,0.36116305168920015,0.2085356431319753,0.0,0.07904085257548846,0.1803890116546456,0.04533156860073574,0.2543588886600516,0.4933975321022464,0.10722175401964144,0.10004216925685469,0.6608029922715496,0.27881721211056365,Medium expressed
TCGA-XD-AAUG-01A,0.0,0.0,0.0,0.0006645187029273989,0.0,0.0,0.0008220472440944882,0.0,0.17015110743117368,0.0,0.0,0.0,0.022859008898685605,0.003851726071784646,0.0,0.0,0.0,0.0,0.0,0.0,0.0,0.0,0.004046138051814723,0.0,0.0,0.0,0.0,0.014103783555273728,0.0,0.0,0.0,0.3885745833401661,0.5120515349257896,0.3401750437350932,0.07035876001393242,0.058170515097690945,0.22723474183670037,0.16676723047277967,0.22818580996064688,0.5494386614419309,0.1803431828830727,0.262841856501533,0.37975316894785066,0.49923609875875297,Medium expressed
TCGA-IB-AAUO-01A,0.0,0.0,0.0,0.0008694523905090238,0.0,0.07897507897507898,0.0,0.0,0.16704616021527632,0.0,0.0,0.008774971327981223,0.0,0.0,0.0,0.0,0.0,0.0,0.0,0.0,0.0,0.0,0.002650455274405996,0.0,0.0,0.0015154250315911487,0.0,0.0,0.15903549173665674,0.008980228212437807,0.0,0.1573669061568001,0.1924696757166773,0.11379393212726975,0.04597701149425287,0.19034931912374187,0.039767692290435114,0.021838565895244955,0.5267336576150443,0.3434176228368117,0.03941103958792582,0.028464248376922876,0.5123276470600133,0.10332867845737614,Medium expressed
TCGA-3A-A9IN-01A,0.48707208131441465,0.0,0.0,0.005484704549891652,0.0,0.0,0.6569952755905512,0.0,0.1620782446698406,0.0,0.0,0.0028405302323100314,0.0,0.0012228938185443667,0.0,0.018592940492906596,0.0,0.0,0.0,0.0,0.0,0.0,0.03340244647086848,0.0,0.0,0.004408509182810614,0.3766872890888639,0.01193986472204608,0.0,0.0,0.0,0.33330647773635363,0.4448427503457291,0.16162733307665075,0.22326715430163704,0.23993487270574304,0.43709688274686204,0.07411876909901319,0.31638290656985435,0.4676024026457952,0.33011413486121116,0.08343802437031636,0.423538451114163,0.1814249139224861,Medium expressed
TCGA-HZ-7920-01A,0.0,0.0,0.0,0.0,0.0,0.0,0.0,0.0,0.1467605050714138,0.0,0.0,0.0,0.0,0.0011060568295114656,0.0,0.0,0.0,0.0,0.0,0.0,0.0,0.0,0.002321664620112594,0.0,0.0,0.0,0.028402699662542177,0.001350137391671951,0.0,0.0,0.0,0.4445604225977728,0.46817739851080986,0.25554214719281426,0.0808080808080808,0.15023682652457077,0.3812661947974739,0.3257099480312202,0.32127944508072825,0.8901740853564303,0.2966272118641136,0.3769096962934981,0.38262327394231876,0.5085003311760861,Medium expressed
TCGA-YB-A89D-01A,0.0,0.0,0.0,0.0,0.0,0.10179010179010178,0.0,0.0,0.14344856137445663,0.0,0.0,0.00377403782039314,0.0,0.004872102442671984,0.0,0.0,0.0,0.0,0.0,0.0,0.0,0.0,0.0,0.6508279337652988,0.0,0.0019524755109215112,0.04161979752530934,0.001981610653138871,0.0,0.005777917045619559,0.0,0.35825247540871014,0.4368131949179353,0.21146854303352292,0.11877394636015325,0.2695381882770871,0.14415472972215057,0.1405882009459486,0.30443792457529006,0.45506372368886494,0.13124742532256187,0.10829592275997786,0.4868486388744496,0.32033925652164646,Medium expressed
TCGA-HZ-7925-01A,0.0,0.0,0.0,0.0,0.0,0.06704106704106703,0.0,0.0,0.14179258952597806,0.0,0.0,0.0,0.0,0.003209122632103689,0.0,0.0,0.0,0.0,0.0,0.0,0.0,0.0,0.0,0.0,0.0,0.0,0.027418447694038242,0.007833967448742337,0.0,0.0,0.0,0.40959609895122956,0.5067767053000446,0.2896128830535235,0.11738070358760014,0.09680284191829486,0.10912348988771609,0.12040407186094947,0.2164928028847864,0.5558470906212329,0.1749803852818073,0.2019512066557144,0.4014989168842674,0.4061645286274872,Medium expressed
TCGA-3A-A9I9-01A,0.000988020644265219,0.0,0.0,0.0,0.0,0.0,0.0,0.0,0.14075760712067897,0.0,0.0,0.0,0.0,0.0,0.0,0.00806178279184622,0.0,0.0,0.0,0.0,0.0,0.0,0.013379766625735584,0.0,0.0,0.0012731470484840998,0.027277840269966252,0.0,0.0,0.0,0.0,0.13704173478600726,0.19210889236387024,0.1487096532459579,0.0,0.015985790408525755,0.09999831742363909,0.06890242715612044,0.18150386595456552,0.29702691471569037,0.06495380517671329,0.0408338970543017,0.3481981950093749,0.1331393101012838,Medium expressed
TCGA-US-A77J-01A,0.0,0.0,0.0,0.0,0.0,0.0,0.0,0.0,0.1401366176774995,0.0,0.0,0.0036806870615848294,0.0,0.0,0.0,0.01203215029293565,0.0,0.0,0.0,0.0,0.0,0.0,0.009991209882507667,0.0,0.0,0.0,0.040635545556805396,0.025142675967026,1.0,0.02256139036860971,0.0,0.26728805289554436,0.3577093189871481,0.15009212148148912,0.0,0.04780935464772055,0.13265992888310582,0.027444187087607295,0.28345317917603546,0.5815357563560559,0.16616240986663564,0.08861693622778427,0.5416278996858863,0.3352397884474126,Medium expressed
TCGA-HZ-A8P1-01A,0.0,0.0,0.0,0.0,0.0,0.19609219609219608,0.0,0.0,0.13827364934796108,0.0,0.0,0.003627343770837223,0.0,0.0,0.0,0.0,0.0,0.0,0.0,0.0,0.0,0.0,0.0,0.0,0.0,0.0,0.04021372328458942,0.003820545339251744,0.0,0.0,0.0,0.2036830668806559,0.2653824468399873,0.05739698027592515,0.0,0.023682652457075192,0.024369314294047047,0.013546917881542324,0.16023777032225045,0.3381390828322098,0.053649005820736416,0.016055066021242764,0.4275242866706984,0.06483527523276916,Medium expressed
TCGA-2J-AABH-01A,0.0,0.0,0.0,0.0,0.0,0.12483912483912483,0.0,0.0,0.13206375491616643,0.0,0.0,0.002307097324833969,0.0,0.0019901233798604186,0.0,0.007577591633176778,0.0,0.0,0.0,0.0,0.0,0.0,0.0020935241661130905,0.0,0.0,0.0,0.0,0.0012153878672585077,0.0,0.0,0.0,0.19309625782704,0.27128044771148996,0.09704151797596314,0.03622431208638105,0.015097690941385437,0.06553915355191871,0.06035774763026257,0.1727575293010601,0.24164860790098186,0.05033258543212128,0.06489672924701521,0.37818386471065335,0.10260109133719031,Medium expressed
TCGA-HZ-7922-01A,0.0,0.0,0.0,0.0,0.0011195067733607961,0.09324909324909324,0.0,0.0,0.1316497619540468,0.0,0.0,0.003453978075907503,0.0,0.0,0.0,0.011305863554931486,0.0,0.0,0.051231037055458846,0.09719767735420348,0.8170212765957446,0.0,0.0,0.2980561555075594,0.0,0.0017909568555168121,0.0,0.0018177975058127247,0.0,0.0,0.0,0.4414228332940006,0.5306777781229235,0.19588928884283532,0.0,0.044997039668442866,0.08926348024094494,0.06444517974969345,0.3325543435155789,0.5745675340598052,0.15588689186511992,0.11684837516582182,0.717524731648217,0.26471950494502655,Medium expressed
TCGA-US-A77G-01A,0.0,0.0,0.0,0.0,0.0,0.0,0.0,0.0,0.12440488511695302,0.0,0.0,0.0,0.016736060086537677,0.0,0.0,0.0,0.0,0.0,0.048412501036226484,0.0,0.0,0.0,0.005918231777281237,0.0,0.0,0.0,0.03613610798650169,0.001717395899387022,0.0,0.0,0.0,0.1711407378254429,0.26721794733187787,0.11041140704257743,0.0,0.0,0.04550808197512031,0.012184440508398701,0.3147042705505619,0.3653560181194386,0.027823615334542973,0.01083662048547357,0.3265131258254838,0.0672602757002863,Medium expressed
TCGA-2J-AAB9-01A,0.0,0.0,0.0,0.0,0.036697753860229464,0.0,0.0,0.0,0.12316290623059407,0.0,1.0,0.0,0.8603151277655319,0.0,0.025668718724124278,0.1270275504769283,0.0,0.0,0.0,0.0,0.0,0.0,0.02341123658836081,0.0,0.02000121219467847,0.0,0.07156917885264341,0.0034004438807863032,0.0,0.0,0.0,0.2188899892553846,0.375033861400537,0.164369013072723,0.10170672239637756,0.08407341622261694,0.1355876117511133,0.060299355742842134,0.26721679014634453,0.3015052596512798,0.11891452385369858,0.06431250933434071,0.42113001029516167,0.21771598530213132,Medium expressed
TCGA-IB-7886-01A,0.0,0.0,0.0,0.0,0.0,0.1721071721071721,0.0005858267716535433,0.0,0.12150693438211552,0.0,0.0,0.006374523244338944,0.0,0.0,0.0,0.0,0.0,0.0,0.0,0.0,0.0,0.0,0.025981171702531686,0.0,0.0,0.0,0.0,0.0016777636863242445,0.0,0.0,0.0,0.29178748714555663,0.5266524146540862,0.160797852135332,0.0,0.06216696269982239,0.05242627511245219,0.023784962142592993,0.20094183785675096,0.5386686539894704,0.08920137043594203,0.04511231957268486,0.5769075377169013,0.2032077328637577,Medium expressed
TCGA-F2-A7TX-01A,0.0,0.0,0.0,0.000896130148655744,0.005866491346235629,0.0,0.015505511811023623,0.0,0.11467605050714139,0.0,0.0932330827067669,0.006027791854479503,0.0,0.0,0.04788134067753898,0.4243935505737665,0.0,0.0,0.0,0.0,0.0,0.0,0.008186216290570418,0.0,0.4664525122734711,0.07647908333412509,0.06664791901012372,0.0,0.16391221891086427,0.0,0.0,0.15525695934276512,0.2309308470807872,0.07284703182777805,0.0,0.0,0.08242661162772437,0.02810596181170563,0.16077958167594,0.38630876539860365,0.06411104053131908,0.042643660994315935,0.9012172663412937,0.13214252009562574,Medium expressed
TCGA-IB-7893-01A,0.0,0.0,0.0,0.0,0.0,0.0,0.0,0.0,0.11446905402608157,0.0,0.0,0.0,0.0,0.0,0.0,0.0,0.0,0.0,0.0,0.0845746023731381,0.0,0.0,0.0,0.0,0.0,0.0015581799697865105,0.0,0.0,0.0,0.0,0.0,0.47335081086078373,0.4695840891591284,0.2652297610526397,0.04737025426680599,0.05861456483126111,0.14222817978889274,0.1289682153492808,0.29074739612317657,0.5686536460390345,0.14893093889641856,0.10366608976780553,0.38502716385488067,0.3342573501303177,Medium expressed
TCGA-HZ-A9TJ-06A,0.0,0.0,0.0,0.0,0.0,0.0,0.0,0.0,0.11281308217760298,0.0,0.0,0.0,0.0,0.0,0.0,0.01939185590471118,0.0,0.0,0.0,0.0,0.0,0.0,0.0,0.0,0.0,0.0,0.0655230596175478,0.0,0.0,0.0,0.0,0.2091140766344661,0.29807733188996854,0.0673920964161772,0.0,0.019242155121373592,0.12923869028256066,0.09948031220195808,0.2672696657121865,0.41541113885273323,0.05317436108691482,0.027506654835847383,0.6043204283110879,0.22892378427063634,Medium expressed
TCGA-FB-AAQ6-01A,0.0,0.0,0.0,0.0,0.0,0.0,0.0,0.0,0.11219209273442352,0.0,0.0,0.005894433627610488,0.0,0.0025392572283150544,0.0,0.0,0.0,0.0,0.0,0.0,0.0,0.0,0.0,0.0,0.0,0.0,0.0,0.012396956246036778,0.0,0.0,0.0,0.24145106731985183,0.2610429814622607,0.05914379995297024,0.0,0.0,0.043505816105620924,0.010997138797516398,0.2285889045520966,0.3030507007716903,0.06346461960811443,0.01823820358965799,0.45074629809043965,0.09411489439984065,Medium expressed
TCGA-FB-A545-01A,0.0,0.0,0.0,0.0,0.0,0.0,0.0,0.0,0.1101221279238253,0.0,0.0,0.005787747046115275,0.0,0.0024925224327018943,0.0,0.0,0.0,0.0,0.0,0.0,0.0,0.0,0.0,1.0,0.0,0.0,0.0,0.006090150073980132,0.0,0.0,0.0,0.20086917070154187,0.29455505208625277,0.19607275658998058,0.09125740160222919,0.03759621077560687,0.07381462495372916,0.010802499172781596,0.19025509849379707,0.3101975073751885,0.06611869931226631,0.07550493292452583,0.7472201546499139,0.16939167541177386,Medium expressed
TCGA-IB-A5ST-01A,0.0011395381871557315,0.0,0.1644100580270793,0.0,0.0013838666890414767,0.0,0.0,0.0,0.1082591595942869,0.0,0.0,0.0,0.5237978610498816,0.0012228938185443667,0.0,0.0,0.0,0.0,0.042112244052060016,0.0,0.0,0.0,0.0,0.0,0.008788411418873873,0.0,0.0,0.0029909110124709364,0.0,0.008720374800333223,0.0,0.3230100893863591,0.36224123686043175,0.14027013687727558,0.04458376872169976,0.11086441681468324,0.11923857811080327,0.05833349553302062,0.22231009430455084,0.44557471520954467,0.13139502705966333,0.05593136953446898,0.4763997576895149,0.28381290442949647,Medium expressed
TCGA-HZ-A49H-01A,0.0,0.0,0.0,0.0,0.0,0.0,0.0,0.0,0.10681018422686815,0.0,0.0,0.0,0.0,0.002418525672981057,0.0,0.0,0.0,0.0,0.0,0.0,0.0,0.0,0.005079480108165416,0.0,0.0,0.0,0.18616422947131606,0.0014743183259353203,0.0,0.0,0.0,0.19567249385589097,0.32352253663842584,0.1459111240887984,0.0,0.018206039076376555,0.05835735678470875,0.09418611440917142,0.1932654154305915,0.3824760714199857,0.11999490567639724,0.06944749488258498,0.30786351123669364,0.26932726677310115,Medium expressed
TCGA-FB-AAQ1-01A,0.0,0.0,0.0,0.0,0.0,0.0,0.0,0.0,0.10494721589732975,0.0,0.0,0.01654975595444483,0.0,0.0,0.0,0.0,0.0,0.0,0.0,0.0,0.0,0.0,0.00749508491521898,0.0,0.0,0.0,0.0,0.0,0.0,0.0,0.0,0.2794175139845174,0.28283263001693204,0.12664959469132198,0.04353883664228492,0.017910005920663115,0.07913997913605313,0.010296436148471106,0.20524303666332985,0.27176410386738054,0.08878843934453036,0.02317112811547348,0.42923972557022855,0.10137293471590833,Medium expressed
TCGA-3A-A9IB-01A,0.0022096308338199785,0.0,0.0,0.000818522124956194,0.0,0.29741429741429737,0.0010125984251968504,0.0,0.10494721589732975,0.0,0.0,0.0,0.0,0.0,0.0,0.027066285769621844,0.0,0.0,0.0,0.0,0.0,0.0,0.0,0.0,0.0085459724831808,0.012835982555985215,0.030511811023622045,0.0028957937011202706,0.0,0.0,0.0,0.41510387293357476,0.41055288703906195,0.17414190067417934,0.04319052594914664,0.10746003552397869,0.06700579927985732,0.03596940265099169,0.2766175435252401,0.32112205893969004,0.11079917987679284,0.051147794460013885,0.409721393507778,0.1822255641844479,Medium expressed
TCGA-IB-A6UG-01A,0.0,0.0,0.0,0.0,0.0,0.0,0.0,0.0,0.10204926516249224,0.0,0.0,0.0026805003600672127,0.0,0.0011566861914257228,0.0,0.0,0.0,0.0,0.0,0.0,0.0,0.0,0.02669914313129483,0.0,0.0,0.0,0.0,0.0014109067850348765,0.0,0.0,0.0,0.13870939606040278,0.17106927057727594,0.2084968823403249,0.0,0.017465956187092953,0.0629676160136401,0.010004476711368901,0.24977372848135823,0.2210564635499126,0.06632585274889072,0.016002354450174387,0.5918003790399408,0.080302916306606,Medium expressed
TCGA-HZ-8519-01A,0.019653087959090265,0.0,0.0,0.0002510134516532328,0.0,0.0,0.0,0.0,0.09646036017387706,0.0,0.0,0.0,0.0,0.0007282838983050848,0.0,0.005543988766765119,0.0,0.2692307692307692,0.07510569510072122,0.0,0.0,0.0,0.004589649133401775,0.0,0.0052124371174010545,0.005249356300652725,0.20570866141732283,0.006222257450856056,0.0,0.0025908913736309926,0.0,0.3403378909420349,0.4238295061780028,0.27562023726772594,0.4524555903866248,0.4067495559502664,0.3836582575239207,0.2900519687798042,0.34342386261230756,0.6159304070691911,0.2033140225974132,0.2533142400309241,0.4231490957854561,0.36981909479116337,Medium expressed
TCGA-IB-7644-01A,0.0,0.0,0.0,0.0,0.0,0.0,0.0,0.0,0.09459739184433864,0.0,0.0,0.0,0.0,0.0021381168993020935,0.0,0.0,0.0,0.0,0.0735306308546796,0.0,0.0,0.0,0.002247854473230402,0.0,0.0,0.0,0.0,0.0013052208835341366,0.2698455703061501,0.02284417202295881,0.0,0.21966143410313832,0.3118355161102175,0.07701510895658532,0.0,0.03226761397276495,0.06746570348517651,0.041672343655721436,0.32869148967767775,0.34995655593294844,0.08468290980217043,0.04773911286425892,0.4266737728227958,0.19007419822987145,Medium expressed
TCGA-HZ-8315-01A,0.0,0.0,0.0,0.0,0.0,0.32736632736632737,0.0,0.0,0.0923204305526806,0.0,0.5252221462747778,0.0024271197290160833,0.0,0.0,0.0,0.00794073500217886,0.0,0.0,0.0,0.0,0.0,0.0,0.004388348732813978,0.0,0.007515607006485242,0.0,0.1341394825646794,0.0025523145212428665,0.0,0.0,0.0,0.19644417636379496,0.2987924777278319,0.19370834829930564,0.1145942180424939,0.0630550621669627,0.08301270906011285,0.0407186094945209,0.29193513800033094,0.3902616603532535,0.09497670604809419,0.050936948175740376,0.2965006563418398,0.20340604710572108,Medium expressed
TCGA-2J-AABK-01A,0.0,0.0,0.0,0.0,0.0,0.06130806130806131,0.0,0.0,0.08631753260194577,0.0,0.0,0.0022670898567732647,0.0,0.0,0.0,0.0,0.0,0.0,0.1344607477410263,0.0,0.0,0.0,0.020539350873308236,0.0,0.0,0.0,0.07522497187851518,0.0,0.0,0.0,0.0,0.188308831760142,0.3190589923298397,0.38044233815431444,0.0,0.014801657785671996,0.12485838315628892,0.050781478093310246,0.23297365980840112,0.3451073051284605,0.12250216980449748,0.07673926221371029,0.3821289949373694,0.1361553391978102,Medium expressed
TCGA-2J-AABA-01A,0.0017929575908710682,0.0,0.0,0.0,0.0,0.0,0.0,0.0,0.08507555371558684,0.0,0.0,0.0,0.0,0.0,0.0,0.0,0.0,0.0,0.0,0.0,0.0,0.0,0.004046138051814723,0.0,0.0,0.0,0.09884701912260967,0.0023515113083914605,0.0,0.0,0.0,0.24884633821558583,0.3863739815332373,0.16259376881513427,0.0,0.11619301361752517,0.06523909410088728,0.041691807618194916,0.36125467842680176,0.4596554009732845,0.08379729937956171,0.07410368366029149,0.46167757535795406,0.23806450518639583,Medium expressed
TCGA-2J-AABT-01A,0.0,0.0,0.0,0.0,0.0,0.11583011583011583,0.0,0.0,0.08176361001862968,0.0,0.0,0.0042941349051823004,0.0,0.0,0.0,0.01406575315934731,0.0,0.0,0.0,0.0,0.0,0.0,0.0038850977313444855,0.0,0.0,0.0,0.0,0.0022563939970407947,0.0,0.006580405524177831,0.0,0.17943460174932133,0.39268777697584417,0.14286969397062965,0.0,0.0837773830669035,0.15195347115503258,0.04803705938454951,0.2375614311261484,0.4732621514600985,0.090919328870035,0.03416149068322981,0.4431685332125152,0.4187353031098369,Medium expressed
TCGA-IB-7647-01A,0.0,0.0,0.0,0.0,0.0,0.0,0.0,0.0,0.08176361001862968,0.0,0.0,0.0,0.0,0.0009230122133599202,0.0,0.0,0.0,0.0,0.03174997927547045,0.0,0.0,0.0,0.0019391938589957793,0.0,0.0,0.0,0.0,0.0022563939970407947,0.0,0.0,0.0,0.34344339612552166,0.393664443021827,0.1269829374995155,0.0,0.0,0.09966741073932406,0.1360141697646807,0.23604566490534454,0.486491127450812,0.11859219782327729,0.08296801286162335,0.394892012046755,0.19528081688071705,Medium expressed
TCGA-XN-A8T5-01A,0.0,0.0,0.0,0.0,0.0,0.0,0.0,0.0,0.08093562409439041,0.0,0.0,0.0,0.0,0.0018304461615154537,0.0,0.0,0.0,0.0,0.0,0.0,0.0,0.0,0.007696385315806778,0.0,0.0,0.0,0.14102924634420697,0.008941027266962586,0.2311026821999458,0.0,0.0,0.2865931869014084,0.4171063370320424,0.15461938194625685,0.06687565308254963,0.05521018354055655,0.1440453622586905,0.11100297798625845,0.3029453322135898,0.6766731117285244,0.1679499435536366,0.0685865392218015,0.4320397971711566,0.3840616235412922,Medium expressed
TCGA-FB-AAPS-01A,0.0,0.0,0.0,0.0,0.0,0.11384111384111384,0.0,0.0,0.08031463465121094,0.0,0.06520847573479152,0.004214119969060892,0.0,0.0,0.0,0.0,0.0,0.0,0.0,0.0,0.0,0.0,0.011447282780092733,0.0,0.0,0.0,0.04668166479190101,0.004433523567956035,0.0,0.0064657643129552205,0.0,0.48106074379546593,0.5741732568775737,0.5718896402740129,0.0,0.08229721728833629,0.15561587903397683,0.11010763571247835,0.26234701581077335,0.5208273948327318,0.17685184166087528,0.14725416641042988,0.34962490417813663,0.4834209728618267,Medium expressed
TCGA-IB-7652-01A,0.0,0.0,0.0,0.0,0.0,0.0,0.0,0.0,0.07762368039743324,0.0,0.0,0.0,0.0,0.0035128988035892325,0.0,0.0,0.0,0.0,0.0,0.0,0.0,0.0,0.003690507344109615,0.0,0.0,0.0,0.0,0.004285563305854999,0.0,0.0,0.0,0.352609235140715,0.4706357231745256,0.11826434343095023,0.1281783350748868,0.013321492007104795,0.16888299363986137,0.034217646028378464,0.27925936346304925,0.41786323876378445,0.11576103534265615,0.07657673486958279,0.25625269261964334,0.18624969067762148,Medium expressed
TCGA-IB-8127-01A,0.0,0.0,0.0,0.0,0.0,0.054288054288054284,0.0,0.2505399568034557,0.07658869799213414,0.0,0.0,0.002013709225722135,0.0,0.0,0.0,0.0,0.0,0.0,0.0,0.0,0.0,0.0,0.023666217095772022,0.0,0.0,0.0,0.0,0.0010568590150073982,0.218639934976971,0.0030876699555956373,0.0,0.22327339306683552,0.46439585447953574,0.1901785322063418,0.1581330546847788,0.07844878626406157,0.06746850777911138,0.06376394106312164,0.2533343429737675,0.5241002956944011,0.0984193052852035,0.06711500786280936,0.5460736296209399,0.19445015854266867,Medium expressed
TCGA-Q3-AA2A-01A,0.0,0.0,0.0,0.0,0.0,0.0,0.0,0.0,0.07534671910577521,0.0,0.0,0.011868882191342384,0.0,0.0,0.0,0.0,0.0,0.0,0.0,0.0,0.0,0.0,0.0,0.0,0.0,0.0,0.7005061867266591,0.0,0.0,0.006068341447383505,0.0,0.1492066072373695,0.24294220819889278,0.10691776768848726,0.062347614071751996,0.05150976909413854,0.04648397626445614,0.0,0.2137775446610856,0.24692714790558387,0.04379801478611703,0.02537622883850053,0.3979456702676135,0.0800906852757329,Medium expressed
TCGA-IB-AAUQ-01A,0.0,0.0,0.0,0.042825077577708065,0.0006390613613846023,0.0,0.033352755905511816,0.0,0.07513972262471538,0.0,0.0,0.0,0.12115274716303372,0.05099934571286142,0.0,0.23260543262480024,0.0,0.0,0.0,1.0,0.0,0.5242718446601942,0.010715891324623736,0.3405327573794097,0.14655433662646222,0.010218430228691414,0.04358830146231721,0.09131526104417671,0.0,0.012106111905107648,0.0,0.3535981390259594,0.522370390012184,0.2217789136125316,0.0,0.051361752516281826,0.09931406970353006,0.05889795044475154,0.24408307730570922,0.31931904429921115,0.09365693818572897,0.09159953262406986,0.397011723134988,0.2244865031067057,Medium expressed
TCGA-2J-AAB6-01A,0.0,0.0,0.0,0.038601503412934106,0.0,0.10623610623610624,0.020239370078740156,0.0,0.07493272614365556,0.0,0.0,0.0,0.0,0.0016941363409770686,0.0,0.07730111848157652,0.0,0.0,0.05827737710353975,0.0,0.0,0.0,0.0,0.0,0.0,0.05908257403730131,0.08703599550056242,0.0,0.0,0.006037770457724142,0.0,0.3541464209926162,0.31515284875680727,0.10726144670778756,0.061999303378613715,0.0,0.05346666816229011,0.03668956926251046,0.21249319063893593,0.23147273670147916,0.06477711548076893,0.06957927381025591,0.6653837324309729,0.1664387067649946,Medium expressed
TCGA-IB-8126-01A,0.0,0.0,0.0,0.0,0.0,0.0,0.0,0.0,0.07472572966259575,0.0,0.0,0.0,0.010041636051922605,0.0008451208873379861,0.0,0.0,0.0,0.0,0.0,0.0,0.0,0.0,0.00889076769262771,0.0,0.0,0.0,0.021794150731158604,0.006198478123018389,0.0,0.00301124248144723,0.03784326858673811,0.10176179845991469,0.15642413892258883,0.10052482111894653,0.061999303378613715,0.08940201302545886,0.08798191791270794,0.04030986628257781,0.10386882681848698,0.24445444211292713,0.08565185329605882,0.023012993402268356,0.13690946932385667,0.10237624821636779,Medium expressed
TCGA-HV-A5A4-01A,0.0,0.0,0.0,0.0,0.0,0.21106821106821108,0.0,0.0,0.07451873318153591,0.0,0.0,0.011722188141786468,0.0,0.0016824526420737788,0.0,0.0,0.0,0.0,0.05794578463068889,0.0,0.0,0.0,0.0035361770369923035,0.0,0.0,0.0,0.0,0.002055590784189389,0.0,0.0,0.0,0.28518196092914666,0.4117808346121562,0.19421223859076095,0.18460466736328804,0.05091770278271167,0.11544436841691999,0.0364560017128287,0.3006733148442929,0.3785300450925376,0.07480774431526944,0.09679601500522722,0.4934530154306068,0.2355812281653193,Medium expressed
TCGA-HZ-8637-01A,0.0,0.0,0.0,0.0,0.0018459218460137971,0.05124605124605124,0.0,0.0,0.07224177188987788,0.0,0.0,0.0,1.0,0.0,0.0,1.0,0.5128939828080229,0.0,0.0,0.0,0.0,0.0,0.0017177634183492025,0.0,0.0,0.0,0.08394263217097862,0.005984464172479392,0.6188024925494446,0.032007826173352794,0.0,0.21992357324887846,0.22125459938036893,0.1143727599492492,0.08951584813653779,0.08629366489046773,0.10788399196850218,0.05662066683535434,0.17380688080835643,0.4165169878322269,0.08609583774893789,0.06625405220202588,0.3733305758211352,0.14487333765043725,Medium expressed
TCGA-IB-AAUT-01A,0.0,0.3830687830687831,0.0,0.0,0.0,0.0,0.0,0.0,0.07203477540881804,0.0,0.0,0.00377403782039314,0.0,0.0,0.0,0.0,0.0,0.0,0.0,0.0,0.0,0.0,0.02053264085995531,0.0,0.0,0.0,0.041760404949381325,0.0019868949482139083,0.0,0.0058008452878640804,0.0,0.26284689766757957,0.3663186614191402,0.2775272682169261,0.05956112852664577,0.22128478389579634,0.14711886841131142,0.02820328162407303,0.2378731358507107,0.40155368347305265,0.1421768327772554,0.07436284888471101,0.4099585462988995,0.24143628219942673,Medium expressed
TCGA-XD-AAUH-01A,0.0,0.0,0.0,0.0,0.0,0.0,0.0,0.0,0.07141378596563859,0.0,0.0,0.0,0.0,0.0,0.0,0.0,0.0,0.5977564102564102,0.0,0.0,0.0,0.0,0.0,0.0,0.023213528092611676,0.0,0.04147919010123734,0.0,0.0,0.0,0.0,0.28368565262309076,0.4055390570105377,0.2618911648651512,0.0,0.0,0.26364288999315755,0.11892481071296494,0.2587103518934185,0.6393592944546139,0.18068319753711465,0.22964674462122342,0.4386585849310386,0.3989665044635926,Medium expressed
TCGA-IB-7651-01A,0.002260136681450149,0.0,0.0,0.0002789038351702587,0.0,0.05066105066105066,0.00034488188976377953,0.0,0.07141378596563859,0.0,0.0,0.005627717173872456,0.0,0.004042559820538385,0.0,0.0,0.0,0.0,0.0,0.0,0.0,0.0,0.0034019767699337723,0.0,0.02903206254924541,0.008750510683984001,0.02080989876265467,0.001973684210526316,0.0,0.005762631550789877,0.0,0.24334284211594537,0.35952711870848236,0.0670458333441002,0.0,0.024422735346358793,0.09733423818550965,0.03151215524456469,0.17963037368337392,0.5531751946397233,0.09875244103005965,0.05437198555702953,0.3602510178860736,0.19041863875538678,Medium expressed
TCGA-FB-AAQ0-01A,0.0,0.0,0.0,0.0,0.0,0.09863109863109863,0.0006708661417322835,0.0,0.06955081763610019,0.0,0.0,0.014616061664844105,0.0,0.0015734047856430708,0.0,0.0,0.0,0.0,0.05413247119290392,0.0,0.0,0.0,0.0,0.0,0.0,0.0,0.0,0.0,0.39745326469791387,0.05044977568536337,0.0,0.18737625333050995,0.30750854539406,0.0834390641594464,0.0,0.023830669034931914,0.025751831203939476,0.0,0.13108570835469843,0.21389248537840988,0.057137398938997046,0.01131102462508895,0.41352317018165197,0.06579509876788579,Medium expressed
TCGA-2J-AABP-01A,0.004318249972379615,0.0,0.2076079948420374,0.350589396561237,0.015135179868187847,0.09687609687609687,0.37328818897637794,0.0,0.06830883874974127,0.4152583293095123,0.0,0.0,0.29398318230059595,0.5427740216849452,0.042769197537531056,0.4231346535612259,0.0,0.0,0.0,0.5054279222418581,0.0,0.0,0.04874824700901155,0.6198704103671706,1.0,0.0,0.11909448818897636,0.5153614457831326,0.19506908696830128,0.03854237521304158,0.20763563295378432,0.6546196736498349,0.8144940156644879,0.5100325849055141,0.0,0.16341030195381884,0.09515530179811328,0.04017361854526345,0.18354447112520833,0.3381253455778061,0.18305425926333566,0.0039665457228952716,1.0,0.15488168337478653,Medium expressed
TCGA-RB-AA9M-01A,0.0,0.0,0.0,0.0,0.0,0.09594009594009595,0.0,0.0,0.0676878493065618,0.0,0.0,0.0,0.0,0.001530564556331007,0.0,0.0,0.0,0.0,0.0,0.0,0.8425531914893618,0.47208737864077666,0.0032208064094047546,0.0,0.0,0.0,0.07859955005624296,0.0018706404565630946,0.0,0.0,0.0,0.3142142872251253,0.44945345400168435,0.2732351565548375,0.0,0.13869153345174662,0.18729037902836826,0.15915682114564883,0.35363406909792,0.5764392349723023,0.17802931437322522,0.1336062621346429,0.5602901556814528,0.3323590131431024,Medium expressed
TCGA-3A-A9IS-01A,0.0,0.0,0.0,0.0,0.0,0.0,0.0,0.0,0.06416890912854482,0.0,0.0,0.0,0.0,0.0,0.026748748964971023,0.0,0.0,0.0,0.0,0.0,0.0,0.0,0.006099402137810254,0.0,0.0,0.0,0.0,0.0,0.0,0.0,0.0,0.2820015927983271,0.7393160665208841,0.591399238738052,0.1058864507140369,0.3722616933096507,0.5457660770171286,0.006286859878934154,0.3586967413310999,0.735801688995429,0.4256684727406518,0.6923005965192793,0.5945680886395217,0.5140505205531402,Medium expressed
TCGA-HZ-A4BK-01A,0.0,0.0,0.0,0.0,0.0,0.18064818064818067,0.0,0.0,0.06375491616642517,0.0,0.0,0.0,0.0,0.004322968594217348,0.01328437196241495,0.0,0.0,0.0,0.34709442095664433,0.0941681393587478,0.0,0.0,0.01211828411538539,0.0,0.0,0.0,0.14805961754780653,0.0,0.0,0.010264209778131042,0.06450100468854654,0.33364680707153027,0.40766314947728066,0.13739667018959195,0.05259491466388018,0.021758436944937832,0.15774994671841525,0.031200731844989005,0.33478654101430344,0.3694359826773222,0.11584083068921167,0.04068454760294131,0.639555315762115,0.18403474674271034,Medium expressed
TCGA-3A-A9J0-01A,0.001344718193153301,0.0,0.0,0.0,0.0,0.0,0.0,0.0,0.06375491616642517,0.0,0.0,0.0,0.0,0.0,0.0,0.0,0.0,0.0,0.0,0.0,0.0,0.0,0.009098778106568431,0.0,0.0,0.0,0.0,0.0,0.0,0.0,0.0,0.19146400791503365,0.25532684733137456,0.13561367377367314,0.0,0.06542332741267022,0.03204186249985979,0.006247931953987192,0.2529204774337203,0.2711047156560054,0.05735025204323257,0.05628717263918052,0.5449556236056529,0.14655639930920542,Medium expressed
TCGA-IB-A7M4-01A,0.0,0.0,0.0,0.0,0.0,0.0,0.0,0.0,0.06271993376112607,0.0,0.0,0.0,0.0,0.0,0.0,0.0,0.0,0.0,0.0,0.0,0.0,0.8762135922330097,0.0029859559420523244,0.0,0.0,0.003415644506940552,0.03641732283464567,0.003469139716761784,0.0,0.0,0.0,0.16075475159879926,0.22829134982431987,0.0653532787753657,0.15569487983281086,0.0,0.07302381406409494,0.018451836424859373,0.3175357244621625,0.2377850050999557,0.03893187442806783,0.020408163265306124,0.602681849164757,0.07734994765982671,Medium expressed
TCGA-2L-AAQI-01A,0.0,0.0,0.0,0.00880123493767712,0.0,0.0,0.0006047244094488189,0.0,0.06271993376112607,0.0,0.0,0.0,0.0,0.002835244267198405,0.0,0.0,0.0,0.0,0.0,0.0,0.0,0.0,0.011910273701444665,0.0,0.010182435299109036,0.001705446979126089,0.07283464566929133,0.010378355527372648,0.17881332972094285,0.010088426587589707,0.0,0.2750105818181905,0.37487247202193646,0.16807971286005546,0.05189829327760362,0.19256956779159265,0.15342011688297122,0.036806353037351344,0.3488706986787963,0.29613055886585227,0.10021705906585199,0.051626591230551626,0.474238582787056,0.12643011314784283,Medium expressed
TCGA-HZ-7919-01A,0.0,0.0,0.0,0.0,0.0,0.0886860886860887,0.0,0.0,0.06251293728006624,0.0,0.0,0.00985517296562025,0.0,0.0014176221335992026,0.0,0.0,0.0,0.0,0.0,0.0,0.0,0.0,0.008924317759392342,0.0,0.020364870598218072,0.0,0.0,0.008642464595222998,0.0,0.0050442132937948535,0.0,0.21265687649443674,0.3264022090561654,0.13222081247787404,0.0,0.021314387211367674,0.08933639188325165,0.07970492632890204,0.2922703429763786,0.5598480659662957,0.10345840107421046,0.05594894005815844,0.39829785986039845,0.20132374756510557,Medium expressed
TCGA-H6-8124-01A,0.0,0.0,0.0,0.0009628245440225451,0.005779137634967231,0.0873990873990874,0.0,0.0,0.06168495135582695,0.0,0.0,0.016189688741898488,0.0,0.0,0.0,0.0,0.0,0.0,0.0,0.0,0.0,0.0,0.18475350765948023,0.0,0.0,0.0,0.0717097862767154,0.006814098499260199,0.0,0.004967785819646447,0.0,0.42800073864774707,0.4140064462041479,0.1717516518557375,0.10205503308951584,0.021018354055654234,0.13152138554554738,0.024174241392062597,0.43083729111295554,0.492710669382064,0.10474632941405844,0.0701766716156975,0.7329649458846659,0.1587253265117873,Medium expressed
TCGA-IB-AAUS-01A,0.0,0.0,0.0,0.0009616119186522396,0.0,0.17456417456417456,0.0,0.0,0.061477954874767135,0.0,0.0,0.0,0.0,0.0,0.0,0.010579576816927323,0.0,0.0,0.0,0.0,0.0,0.0,0.005851131643751971,0.0,0.0,0.0,0.0,0.0068008877615726064,0.0,0.0049601430722316054,0.0,0.32220370849651675,0.35240811174253506,0.24820085325422686,0.2034134447927551,0.0630550621669627,0.0808197512030421,0.04221733460497889,0.23029985341718137,0.5177056037695027,0.16457967113310965,0.11577657322076484,0.3850312091050491,0.34135926147080453,Medium expressed
TCGA-XD-AAUI-01A,0.002569484998184946,0.32486772486772486,0.0,0.0004765617705300507,0.0,0.0,0.0,0.0,0.061063961912647485,0.0,0.0,0.0,0.0,0.004143818544366899,0.0,0.0,0.0,0.0,0.0,0.0,0.0,0.0,0.0,0.0,0.009939996363415965,0.0,0.07086614173228346,0.005057070386810399,0.0,0.0,0.0,0.19778695621278095,0.30509950522875556,0.1576142991144451,0.0,0.020870337477797513,0.07689934828208954,0.04184751931798276,0.2431613452196735,0.37764399218350225,0.11752596689947516,0.06306060952146679,0.4376849437811358,0.18964147307471013,Medium expressed
TCGA-F2-A8YN-01A,0.0,0.0,0.0,0.0,0.0005103295763574882,0.0,0.0,0.0,0.06002897950734838,0.0,0.0,0.003147254154108767,0.0,0.0,0.0,0.0,0.0,0.0,0.0,0.0,0.0,0.0,0.005703511349987587,0.0,0.0,0.0,0.0,0.003313253012048193,0.0,0.0,0.0,0.36572593649388063,0.39659999434269494,0.09958422590822995,0.0,0.0,0.04650921490987,0.029390583334955332,0.2116595844959702,0.21355248833191956,0.049250041666535634,0.037605313326363694,0.42000037418564057,0.12373677959416034,Medium expressed
TCGA-IB-AAUR-01A,0.0,0.0,0.0,0.0,0.0,0.0,0.0,0.0,0.05982198302628856,0.0,0.0,0.0,0.0,0.0027067235792622136,0.0,0.020553914685517843,0.0,1.0,0.0,0.0,0.0,0.0,0.005683381309928806,0.0,0.009697557427722893,0.0,0.1389201349831271,0.02807281758613401,0.17068545109726363,0.0,0.0,0.22541138377860154,0.30187917974629247,0.22400119900048837,0.04946011842563566,0.16341030195381884,0.19123882488866953,0.07028436849173755,0.21621961246126944,0.6870928191936918,0.14643802220747734,0.08537956723800152,0.49022642276504985,0.2968255369597296,Medium expressed
TCGA-YY-A8LH-01A,0.0,0.0,0.0,0.0,0.0005057320126065197,0.6731016731016731,0.0,0.0,0.059407990064168914,0.0,0.0,0.01869682340703598,0.0,0.001343625373878365,0.0,0.0,0.0,0.0,0.0,0.08785660186821509,0.0,0.0,0.0056431212298112465,0.0,0.0,0.0,0.0344488188976378,0.006557810188120905,0.33893253860742345,0.0,0.0,0.20231913527829648,0.2929694448257437,0.03961869717227104,0.0,0.020278271166370633,0.023009231735633604,0.0,0.2242354829644392,0.3787807499854042,0.0428103999672957,0.008956574450701504,0.6098199459150052,0.052556318417869854,Medium expressed
TCGA-2J-AAB4-01A,0.0,0.0,0.0,0.0,0.0,0.0,0.0,0.0,0.05692403229145105,0.0,0.0,0.0,0.0,0.0025782028913260216,0.0,0.0,0.0,0.0,0.0,0.0,0.0,0.0,0.002710845394582335,0.0,0.0,0.0,0.0,0.003149439864722046,0.0,0.0,0.0,0.2649097877718624,0.3674768471318071,0.2403349966019706,0.04702194357366771,0.0778567199526347,0.11501250715094954,0.07260058002608172,0.2561925610606708,0.30416685269198673,0.10887622994896243,0.06088186458397392,0.3986548531877583,0.14876047075278087,Medium expressed
TCGA-LB-A9Q5-01A,0.0,0.0,0.0,0.0,0.0004781466301007096,0.0,0.0,0.0,0.05609604636721176,0.0,0.0,0.0,0.0,0.0012696286141575272,0.0,0.0,0.0,0.0,0.0,0.0,0.0,0.0,0.005341170628929552,0.0,0.0,0.0,0.0,0.0015509406045233567,0.0,0.0,0.0,0.12129484854988096,0.15717590106032822,0.12088974105207125,0.0,0.0,0.07176749038127181,0.038519181735017616,0.11885480663372933,0.18358810216396101,0.05741117952459269,0.05282577947235717,0.2060539191394944,0.08690730244357069,Medium expressed
TCGA-IB-A5SP-01A,0.0,0.0,0.0,0.0,0.0,0.0,0.0,0.0,0.05588904988615194,0.0,0.0,0.0,0.0,0.0012657340478564308,0.0,0.0,0.0,0.0,0.0,0.0,0.0,0.0,0.002663875301111849,0.0,0.0,0.0,0.0,0.006185267385330797,0.0,0.004509220974756005,0.0,0.16066277712064747,0.27572004391873545,0.04844582145745745,0.046325322187391146,0.0956187092954411,0.04341327440577012,0.038402397960176735,0.12276172344316545,0.2751675086458845,0.032101903767598215,0.024699763676456377,0.4815842514365695,0.07145879695448472,Medium expressed
TCGA-IB-AAUV-01A,0.0,0.0,0.0,0.0,0.0,0.0,0.0,0.0,0.054026081556613544,0.0,0.0,0.0,0.0,0.0,0.0,0.009296470246453298,0.0,0.0,0.04202934593384731,0.0,0.0,0.0,0.0,0.0,0.0,0.0,0.12556242969628795,0.002982984569858381,0.0,0.004348723279044351,0.0,0.39481363760487054,0.40827399959843547,0.3966055882725349,0.13409961685823754,0.22128478389579634,0.16417458412320948,0.16402281176401892,0.23363297241951733,0.6438445080174051,0.17602814142093892,0.21631950240276912,0.37323601809844925,0.5381987587094091,Medium expressed
TCGA-OE-A75W-01A,0.0,0.0,0.0,0.0,0.0,0.0,0.0,0.0,0.054026081556613544,0.0,0.0,0.0,0.0,0.0012189992522432702,0.0,0.0,0.0,0.0,0.0,0.0,0.0,0.0,0.005126450201635901,0.0,0.017516213103824473,0.008802766719556107,0.0,0.004467871485943775,0.0,0.0,0.0,0.26854337380923354,0.2859929117090771,0.10351715423435809,0.04458376872169976,0.018354055654233273,0.01805965294058262,0.010568931623099832,0.18818674997070628,0.20382307790053542,0.05411441316222276,0.030054380770818876,0.6024128400285594,0.21113595354575862,Medium expressed
TCGA-US-A774-01A,0.0,0.0,0.0,0.0,0.0,0.07417807417807418,0.0,0.0,0.052370109708134965,0.0,0.0,0.0,0.0,0.0011839481555333997,0.0,0.0,0.0,0.0,0.0,0.0,0.0,0.0,0.01491635968355577,0.0,0.0,0.0,0.030371203599550055,0.0014452547030226169,0.0,0.004211153825577218,0.0,0.3170374521500995,0.3828154325035779,0.25858874541653637,0.04319052594914664,0.17865600947306098,0.1018183041873717,0.010238044261050665,0.34072263926102153,0.42107775629423827,0.13734882123012193,0.07466594041835417,0.3601956485243939,0.2418729214514689,Medium expressed
TCGA-HZ-8636-01A,0.0,0.0,0.0,0.0,0.0,0.14706914706914706,0.0,0.0,0.051749120264955505,0.0,0.0,0.0,0.0,0.0011722644566301095,0.010800302408467438,0.026751561516486708,0.0,0.0,0.0,0.0,0.0,0.7233009708737864,0.0024625749005240524,0.0,0.0,0.0,0.0,0.01002430775734517,0.0,0.0,0.05251172136637642,0.3481638020300455,0.4460613269226464,0.2550563452707958,0.3859282479972135,0.42495559502664304,0.17863352365141505,0.1523833622048777,0.45995867219662395,0.5319270963908799,0.18321463611749647,0.07103323464555861,0.45695348164568866,0.23188066701429647,Medium expressed
TCGA-3A-A9I7-01A,0.0,0.0,0.0,0.0,0.0,0.0,0.0,0.0,0.05154212378389567,0.0,0.0,0.0,0.0,0.0,0.0,0.0,0.0,0.0,0.0,0.0,0.0,0.0,0.0024491548738181986,0.0,0.0,0.0,0.11979752530933632,0.0028455928979074195,0.0,0.0,0.05217682518419289,0.27349454771966275,0.3270916714230257,0.1973828713477644,0.1278300243817485,0.017613972764949675,0.1012658582822017,0.09087724078867976,0.25670140678380454,0.4793992698649284,0.10028899280190942,0.07718291793686911,0.41810214054412664,0.27209583796682674,Medium expressed
TCGA-FB-AAPY-01A,0.0,0.0,0.0,0.0,0.0,0.0,0.0,0.0,0.05009314841647692,0.0,0.0,0.0026271570693196062,0.0,0.003396061814556331,0.0,0.0,0.0,0.0,0.0,0.0,0.0,0.0,0.00475739946722494,0.0,0.0,0.0,0.0,0.01659268653561615,0.28583039826605255,0.004035370635035882,0.0,0.18521425894356738,0.2996714424618232,0.17392484024093707,0.04144897248345524,0.034191829484902306,0.058228359263704586,0.009809837086634098,0.1774229820056616,0.30084930575350555,0.06918433432599268,0.040104720321189176,0.39751636809349383,0.14539043333836366,Medium expressed
TCGA-HZ-A77P-01A,0.0,0.0,0.0,0.0,0.0,0.0,0.0,0.0,0.05009314841647692,0.0,0.0,0.0,0.0,0.0,0.0,0.0,0.0,0.0,0.0,0.0,0.0,0.0,0.011890143661385886,0.0,0.0,0.0,0.0,0.001381843162122173,0.0,0.0,0.0,0.2765149705693553,0.4484472866714413,0.20844778533756775,0.12399860675722743,0.034191829484902306,0.14894165946897892,0.12248671584561185,0.32676022595491805,0.5292792406045767,0.1404054153917755,0.06851186449612132,0.44325575891927094,0.5194711098334727,Medium expressed
TCGA-LB-A8F3-01A,0.0,0.0,0.0,0.00038925274386805665,0.0,0.0,0.0009606299212598425,0.0,0.0498861519354171,0.0,0.0,0.0,0.0,0.0011255296610169492,0.0,0.008570183508449136,0.0,0.0,0.07750974052889,0.0,0.6191489361702128,0.0,0.00236863471358308,0.0,0.0,0.0,0.0577896512935883,0.00825142675967026,0.0,0.00802488478558272,0.0,0.307207353014921,0.44893440493566905,0.09885552302520227,0.04110066179031696,0.10198342214328006,0.06362101650046552,0.009751445199213657,0.1947994596247728,0.31014599267117476,0.1199414467250103,0.025437725671413634,0.45810612511554244,0.12425170078381965,Medium expressed
TCGA-3A-A9IH-01A,0.0,0.0,0.0,0.0,0.0,0.06938106938106937,0.0,0.0,0.04885116953011799,0.0,0.0,0.0,0.0,0.0011060568295114656,0.0,0.0,0.0,0.0,0.03805023625963691,0.0,0.0,0.0,0.0046567492669310415,0.22174226061915048,0.0,0.0,0.028402699662542177,0.00946417247939125,0.0,0.003943657666057795,0.0,0.2327636381871379,0.3235358989848261,0.12318437991777544,0.0404040404040404,0.10035523978685613,0.08108335483292017,0.038363470035229774,0.34490209370921115,0.3965601914973264,0.07092194678633086,0.04830136962232159,0.43304655880681303,0.1489079017352931,Medium expressed
TCGA-3E-AAAZ-01A,0.0,0.0,0.0,0.0003819769916462238,0.0,0.13864513864513864,0.0,0.0,0.04885116953011799,0.0,0.0,0.0,0.0,0.0,0.0,0.0,0.0,0.0,0.0,0.0,0.0,0.0,0.009293368493803304,0.0,0.0,0.0,0.0,0.0,0.0,0.0,0.0,0.20819005397024354,0.278220711602213,0.19858962399448046,0.0,0.03345174659561871,0.09432523079339085,0.05266948245323783,0.30193090469113976,0.348452326575749,0.09245509448083497,0.0839914958665343,0.5310766231060644,0.2882471412958531,Medium expressed
TCGA-F2-6879-01A,0.0,0.0,0.0,0.0,0.00039998804633424747,0.13338013338013338,0.0,0.0,0.046988201200579595,0.0,0.0,0.0024671271970767876,0.0,0.0010632166001994018,0.0,0.008085992349779692,0.0,0.0,0.0,0.0,0.0,0.0,0.0,0.0,0.0,0.0,0.027277840269966252,0.0,0.0,0.0,0.0,0.2410929134734055,0.26140983860888606,0.07811591543945694,0.039010797631487286,0.0,0.04560342796890599,0.041477704030986634,0.2655864601995498,0.398373509078608,0.05989171417699944,0.05517144438489989,0.5062165381962634,0.20404969859279518,Medium expressed
TCGA-HZ-7926-01A,0.0,0.0,0.0,0.0,0.0,0.0,0.0,0.0,0.046574208238459945,0.0,0.0,0.0,0.0,0.0,0.0,0.0,0.0,0.0,0.0,0.0,0.0,0.0,0.006656333246103159,0.0,0.007576216740408511,0.0,0.08141169853768278,0.0,0.13329720942833923,0.0,0.0,0.22451207777000629,0.3092158020679012,0.08610322257221781,0.0,0.015985790408525755,0.09747164858831844,0.013722093543803647,0.3295130193025191,0.42472156302480607,0.09046610702482068,0.036849780807716975,0.45096474159953237,0.142850184462688,Medium expressed
TCGA-IB-7885-01A,0.0,0.0,0.0,0.0,0.0,0.12378612378612379,0.0,0.0,0.043676257503622445,0.0,0.0,0.0022937615021470675,0.0,0.0009892198404785643,0.0,0.0,0.0,0.0,0.13587001575064245,0.0,0.0,0.0,0.006226892391515858,0.0,0.0,0.0,0.0,0.0,0.0,0.0,0.0,0.3118837917916462,0.31496560237023735,0.13454645997689857,0.0,0.029751332149200713,0.11496763844799159,0.042742861591762854,0.28846950369100827,0.5025362405942736,0.09905904383948479,0.06788811090514553,0.3475542417481953,0.23732387107660716,Medium expressed
TCGA-F2-7273-01A,0.0,0.0,0.0,0.0,0.0,0.0,0.0,0.0,0.03829434899606707,0.0,0.0,0.002013709225722135,0.0,0.0008645937188434696,0.0,0.0,0.0,0.0,0.0,0.0,0.0,0.0,0.009092068093215507,0.0,0.0,0.0,0.0,0.0010568590150073982,0.0,0.0,0.0,0.3033955218648527,0.337389181462573,0.18879089586525716,0.03169627307558342,0.039224393132030785,0.1934177612760659,0.09739766821729567,0.19860650036539626,0.528169957311482,0.1676637809315065,0.16338829978827518,0.4010337131149033,0.3168517962008036,Medium expressed
TCGA-HZ-8003-01A,0.0,0.0,0.0,0.0,0.0,0.05007605007605007,0.0,0.0,0.03539639826122956,0.0,0.0,0.0018536793534793161,0.009470160829455464,0.0,0.0,0.0,0.0,0.0,0.0,0.0,0.0,0.0,0.015104240057437714,0.0,0.0,0.0,0.0,0.0019499048826886495,0.0,0.002843102038320735,0.0,0.13100587994977766,0.15241231133711794,0.1516425531475055,0.0,0.0,0.10171734960571628,0.020748583996730057,0.10609123254575938,0.2536618368769726,0.07018256231898642,0.04426454180466849,0.1706460972437688,0.09379002435872959,Medium expressed
TCGA-HZ-A77O-01A,0.0,0.0,0.0,0.0,0.0,0.0,0.0,0.0,0.0,0.0,0.0,0.0,0.0,0.0,0.0,0.00919963201471941,0.0,0.0,0.0,0.07902044938146933,0.0,0.0,0.01272218531714878,0.0,0.0,0.0,0.0,0.007390086662439231,0.0,0.0,0.0,0.22397140092815798,0.2327602737788594,0.12125926059913847,0.04423545802856147,0.0,0.10890475496079598,0.005235805905366215,0.2473985711194312,0.33845503968349366,0.04543165744761809,0.0335421297231764,0.44700949824739533,0.08082914488725444,Negative
TCGA-3A-A9IV-01A,0.0,0.0,0.0,0.0,0.0,0.0,0.0006440944881889763,0.4373650107991361,0.0,0.0,0.0,0.0,0.07184259939586904,0.0,0.0,0.0,0.0,0.0,0.0519771201193733,0.0,0.0,0.0,0.08261368440123196,0.30309575233981284,0.032608036850718225,0.00908779964085852,0.0,0.009229021348552103,0.0,0.0,0.0,0.9071091043088023,1.0,0.2961686249479959,0.22117729014280738,0.2054470100651273,0.952786907312477,0.013099246744652277,0.6781986535008684,0.5414504480062092,1.0,0.013191070659861017,0.2692508398950662,0.04804336471424266,Negative
TCGA-3A-A9IJ-01A,0.0,0.0,0.0,0.0,0.0,0.0,0.0,0.0,0.0,0.0,0.0,0.0,0.0,0.0,0.0,0.0,0.0,0.0,0.0,0.0,0.0,0.0,0.008931027772745268,0.0,0.0,0.0,0.0,0.0038892411752272245,0.0,0.0,0.0,0.44147583150750924,0.9373562788537746,0.8027437472382936,0.34935562521769414,0.4970396684428656,0.5832847255717956,0.40932713081729183,0.5676456370967136,0.5067741835777992,0.3387398938997047,0.5930227450429161,0.4032795854427627,0.8429016330916886,Negative
TCGA-RB-A7B8-01A,0.0,0.0,0.0,0.0,0.0,0.0,0.0,0.0,0.0,0.0,0.0,0.005961112741044995,0.0,0.0012852068793619143,0.0,0.0,0.0,0.0,0.0,0.0,0.0,0.0,0.002697425367876482,0.0,0.0,0.00308785664744278,0.0,0.007844536038892411,0.0,0.0,0.0,0.259954811299029,0.34160161778101406,0.14119781182410868,0.0,0.019390171699230314,0.08007661331030075,0.06678085524651109,0.3422550514932941,0.34593840901988127,0.06902513671340656,0.07319440905936202,0.30984618947547266,0.24173636296029238,Negative
TCGA-3A-A9IL-01A,0.004918006912987894,0.0,0.0,0.0004559471392348577,0.0,0.0,0.0,0.0,0.0,0.0,0.0,0.0,0.09413013307208751,0.0026405159521435692,0.0,0.0,0.0,0.0,0.0,0.0,0.0,0.0,0.013876307613852152,0.0,0.0,0.0,0.47483127109111356,0.00967554428239273,0.0,0.004700289660127022,0.0,0.628108208567696,0.6411911507947733,0.9121086129063101,0.7241379310344828,0.51850207223209,0.7582754714018105,0.1944644490725422,0.3826216293050747,1.0,0.44480540155534104,0.6730740509720893,0.4716877997277547,1.0,Negative
TCGA-Q3-A5QY-01A,0.00219384775643555,0.0,0.0,0.0,0.0,0.0,0.0,0.0,0.0,0.0,0.04224196855775803,0.002733843650814819,0.0,0.0011761590229312064,0.0,0.008957536435384689,0.0,0.0,0.0,0.0,0.0,0.0,0.004951989854459811,0.0,0.0,0.001415663509135305,0.06046119235095612,0.011503910378355528,0.1487401788133297,0.008384093914080234,0.0,0.14731697138262834,0.2520539401481416,0.11158198295041978,0.0,0.0,0.1321102872718707,0.0050995581680518525,0.16066762908900295,0.6075403789421627,0.09473574768632803,0.037473534398692755,0.4130233289577211,0.2227847407628401,Negative
TCGA-PZ-A5RE-01A,0.0,0.0,0.0,0.0007688044847736696,0.0,0.0,0.001899212598425197,0.0,0.0,0.0,0.0,0.0,0.0,0.0,0.0,0.0,0.0,0.0,0.0,0.0,0.0,0.0,0.004676879306989821,0.0,0.0,0.0,0.0,0.009511731135066582,0.0,0.003966585908302316,0.0,0.23432387707361452,0.2670903976616935,0.12101377558535253,0.04075235109717868,0.11767317939609237,0.04595396471076513,0.0,0.2442012313478993,0.37347473547199495,0.06592333829138902,0.049693833624711185,0.457811580337657,0.17787221865362896,Negative
TCGA-3A-A9IO-01A,0.0011995138812165595,0.0,0.0,0.00044503351090210844,0.0,0.0,0.0005496062992125984,0.0,0.0,0.0,0.0,0.0,0.0,0.0,0.0,0.0,0.0,0.0,0.0,0.0,0.0,0.0,0.002710845394582335,0.0,0.0,0.0,0.0,0.001574719932361023,0.0,0.0,0.0,0.5922574125606717,0.8372998966934441,0.7756370336107744,0.28247997213514453,0.3891355831853168,0.36040224792201825,0.08930065982832786,0.21212436724756895,0.5691825303335749,0.24993553479391573,1.0,0.32508085443774054,0.45344638404857657,Negative
TCGA-3A-A9IU-01A,0.0,0.0,0.0,0.0,0.0,0.0,0.0,0.0,0.0,0.0,0.0,0.0,0.0,0.0,0.0,0.0,0.0,0.0,0.0,0.0,0.0,0.0,0.002684005341170629,0.0,0.0,0.0,0.0655230596175478,0.0,0.0,0.0,0.0,0.21777583847095167,0.3133454612534471,0.127696136065883,0.1400208986415883,0.05787448194197751,0.06018856072418087,0.01658329602740526,0.22554790673141856,0.392823658299534,0.05954639293587127,0.05767524401064773,0.5566370419512668,0.14042605379447773,Negative
TCGA-3A-A9IX-01A,0.0,0.0,0.0,0.0,0.0,0.0,0.0,0.0,0.0,0.0,0.0,0.0,0.0,0.003197438933200399,0.0,0.016196194257492857,0.0,0.0,0.0,0.0,0.0,0.0,0.0,0.0,0.0,0.0,0.05469628796400449,0.007804903825829634,0.0,0.0,0.0,0.24175931253474298,0.3218076443380702,0.2494980477481272,0.0,0.03211959739490823,0.1581285263996231,0.04614905502462192,0.2156308006046092,0.3980438149729204,0.13723325555580013,0.07984045964489972,0.3848431049722193,0.2484390364189319,Negative
TCGA-FB-A4P5-01A,0.0,0.0,0.0,0.0,0.0,0.0,0.001774803149606299,0.0,0.0,0.0,0.0,0.0,0.0,0.0,0.0,0.0,0.0,0.0,0.0,0.0,0.0,0.0,0.017493004811079575,0.0,0.0,0.0,0.053430821147356575,0.012703445360388924,0.0,0.0,0.0,0.24131678933495324,0.301439089999915,0.18909581409290702,0.0,0.0,0.13212711303547994,0.06308270237654982,0.24784931899861512,0.45957984607406444,0.1813121263769611,0.11000904881970007,0.46306130374367677,0.2995184356137587,Negative
TCGA-3A-A9IZ-01A,0.0,0.0,0.0,0.0,0.0,0.0,0.0,0.0,0.0,0.0,0.0,0.011028725362067586,0.0,0.0,0.0,0.0,0.0,0.0,0.08165464643952583,0.0,0.0,0.0,0.0,0.0,0.0,0.0,0.0,0.0,0.0,0.0,0.0,0.2162619433137763,0.2436396532662,0.11342441258020254,0.0,0.03582001184132623,0.037925271175223506,0.0,0.4136621975933784,0.33373285848223944,0.07605380957921516,0.02437470898820139,0.5077934272775264,0.1090984921594116,Negative
TCGA-L1-A7W4-01A,0.0,0.0,0.0,0.0,0.0,0.0,0.0,0.0,0.0,0.0,0.0,0.0,0.0,0.0,0.0,0.0,0.0,0.0,0.0,0.0,0.0,0.0,0.0,0.0,0.0,0.0,0.10587739032620923,0.0,0.0,0.0,0.0,0.4431316097743916,0.2374145352133403,0.09583734938202378,0.0,0.020722320899940794,0.1531705347227675,0.017867917550654963,0.5165596806838051,0.2484382458899852,0.051894687438089816,0.029637080833194232,0.5874481955150311,0.08010677656290975,Negative
TCGA-IB-AAUW-01A,0.0011426948026326174,0.0,0.0,0.002117243896553355,0.0,0.0,0.0015700787401574804,0.0,0.0,0.0,0.0,0.005694396287306965,0.0,0.0012267883848454636,0.0,0.0,0.0,0.0,0.0,0.0,0.0,0.0,0.012896645664324873,0.0,0.008788411418873873,0.0,0.12598425196850394,0.011984781230183894,0.0,0.004371651521288873,0.0,0.24828474728051433,0.35201314160737923,0.23941248976069088,0.04493207941483803,0.12966252220248667,0.15579815813974357,0.09033224983942231,0.2946301598963639,0.4979308260554504,0.1614876997242147,0.07619457597933706,0.3883237899139778,0.2605057622029581,Negative
TCGA-3E-AAAY-01A,0.0,0.0,0.0,0.0,0.0,0.08576108576108576,0.0,0.0,0.0,0.0,0.0,0.0,0.0,0.0013669927716849451,0.0,0.0,0.0,0.0,0.23526485948768963,0.0,0.0,0.0,0.017251444330374215,0.0,0.0,0.0,0.10545556805399324,0.010021665609807653,0.0,0.0,0.0,0.229924550032096,0.3656947960255176,0.32802482757907847,0.050156739811912224,0.0,0.10976847749273688,0.06516534636121221,0.23802980419394623,0.45316111395395964,0.14255261775906367,0.06459363771337205,0.461254846715358,0.24225345864821882,Negative
TCGA-IB-AAUU-01A,0.0,0.0,0.0,0.0,0.0,0.0,0.0,0.0,0.0,0.0,0.0,0.0,0.0,0.0,0.0,0.0,0.0,0.0,0.0,0.0,0.0,0.0,0.002824915621582087,0.0,0.0,0.0,0.0,0.0016407736207989855,0.0,0.0,0.0,0.31420882104166925,0.2850273520289335,0.1192902123832977,0.04911180773249738,0.0608348134991119,0.05760300171622789,0.02329836308075598,0.35499381976025174,0.4024569079500926,0.06102024836399886,0.037258295483496885,0.3495809120825555,0.1218262654166491,Negative
TCGA-F2-6880-01A,0.0,0.0,0.0,0.0,0.0,0.0,0.0,0.0,0.0,0.0,0.0,0.0,0.0,0.0,0.0,0.0,0.0,0.0,0.0,0.0,0.0,0.0,0.023974877710006642,0.0,0.0,0.0,0.04499437570303712,0.0,0.0,0.0,0.0,0.07508492191319273,0.07458306442334274,0.09590195070144113,0.0,0.0,0.06561206519422541,0.022792300056445492,0.07611535620669385,0.11165640379285593,0.04012231879773963,0.02431321215528829,0.1222777994648134,0.04677084832831097,Negative
TCGA-F2-7276-01A,0.0,0.0,0.0,0.0,0.0,0.0,0.0,0.0,0.0,0.0,0.0,0.0,0.0,0.0,0.0,0.0,0.0,0.0,0.0,0.0,0.0,0.0,0.009487958881038172,0.0,0.0,0.001358656924874823,0.0,0.0027557598816317906,0.0,0.0,0.0,0.3082164580129378,0.4055026142476279,0.19760251583378338,0.0,0.03404381290704559,0.1960145374597584,0.048854545808435686,0.21216908300386741,0.602722036960083,0.17974687972679332,0.139558277034447,0.46285095073492083,0.30010641994519394,Negative
TCGA-RL-AAAS-01A,0.002560015151754289,0.0,0.0,0.0,0.0,0.0,0.0,0.0,0.0,0.0,0.0,0.0,0.0,0.0,0.0,0.0,0.0,0.0,0.04725192738124845,0.0,0.0,0.0,0.005777321496869778,0.0,0.0,0.0,0.03529246344206974,0.010069224265482984,0.0,0.004891358345498039,0.0,0.28364976594040103,0.43802153281384465,0.17588096819289437,0.050156739811912224,0.020722320899940794,0.15366969904317493,0.1309730034840493,0.38080133899210683,0.497243963335268,0.17543223134518443,0.11569750586416229,0.44646364230279906,0.4824207036589413,Negative
TCGA-3A-A9IC-01A,0.0,0.0,0.0,0.0,0.0,0.0,0.0,0.0,0.0,0.0,0.0,0.003333955671725389,0.0,0.0,0.0,0.0,0.0,0.0,0.0,0.0,0.0,0.0,0.039179767967738255,0.0,0.0,0.0,0.0,0.010505178609173537,0.0,0.0,0.0,0.4093962267648584,0.49305652567540154,0.31376344030450476,0.0,0.17317939609236235,0.07540185532086732,0.0,0.32600266923689786,0.5258930073940772,0.1609770881223644,0.11332987779700775,0.49130018385662017,0.2559088728662192,Negative
TCGA-S4-A8RO-01A,0.0,0.0,0.0,0.0016515957543560534,0.0,0.09991809991809993,0.0013606299212598426,0.0,0.0,0.0,0.0,0.0074013815912303636,0.0,0.001596772183449651,0.0,0.0,0.0,0.0,0.0,0.0,0.0,0.49150485436893204,0.0,0.0,0.011455239711497667,0.00383369279151742,0.7373453318335207,0.011686218558444305,0.0,0.011357122658453261,0.0,0.29848284889876603,0.26465706232111597,0.10436989165066705,0.0,0.0,0.15222268337278042,0.027638826712342097,0.2872814354214721,0.41917514655933297,0.049547800164150425,0.027836102155024734,0.6123239557692346,0.12360630969813181,Negative
TCGA-3A-A9I5-01A,0.0,0.0,0.0,0.0,0.0,0.0,0.0,0.0,0.0,0.0,0.0,0.0033472914944122907,0.0,0.002885873629112662,0.0,0.0,0.0,0.0,0.0,0.0,0.0,0.0,0.0,0.0,0.0,0.0,0.14820022497187849,0.01056859015007398,0.0,0.0,0.0,0.2529274383159022,0.27964614424288514,0.13667830351767105,0.05259491466388018,0.021758436944937832,0.11462551458793707,0.031239659769935965,0.28731799136822705,0.39407718276386694,0.07868764563633447,0.07107276832385989,0.564479517887085,0.17788874484045925,Negative
TCGA-2J-AABE-01A,0.0,0.0,0.0,0.0,0.0,0.0,0.0,0.0,0.0,0.0,0.0,0.004214119969060892,0.0,0.0,0.0,0.0,0.0,0.0,0.0,0.0,1.0,0.0,0.007635995195630439,0.0,0.0,0.0,0.04668166479190101,0.002219403931515536,0.0,0.0,0.0,0.31085805058311106,0.40039455364643683,0.18628953277741744,0.0,0.0,0.08352309055625975,0.023609786480331667,0.22821126856642265,0.31726532476586566,0.09887292021094272,0.06808138666572958,0.4424110601184854,0.20630247879755464,Negative
TCGA-YH-A8SY-01A,0.0,0.0,0.0,0.0,0.05672474155944765,0.09535509535509536,0.0,0.0,0.0,0.0,0.0,0.003533993012028912,0.03616621765042044,0.0030455508474576272,0.0,0.0,0.0,0.0,0.0,0.0,0.0,0.0,0.0,0.0,0.0,0.005486883735071401,0.11726659167604049,0.0,0.0,0.005418707917122047,0.0,0.4672728901779576,0.43344119812698084,0.32738398249045836,0.05572971090212469,0.2528123149792777,0.09306329852269796,0.03295248846760224,0.2615529031459983,0.4539235315733621,0.14380339998930822,0.19760250204257337,0.46158301763526816,0.334501328835891,Negative
TCGA-2J-AABI-01A,0.0009817074133114474,0.0,0.0,0.0,0.0,0.0,0.0,0.3056155507559395,0.0,0.0,0.0,0.0,0.02506327047105886,0.0,0.0,0.42541035200697236,0.0,0.0,0.0,0.0,0.0,0.0,0.0,0.0,0.0,0.0,0.02713723284589426,0.003868103994927077,0.13329720942833923,0.0,0.0,0.17926800198398696,0.31146241163280763,0.09983229497479255,0.07732497387669801,0.0956187092954411,0.030844428989668986,0.009148062362535766,0.4234487467674914,0.4667163497367599,0.044794473916748685,0.054187495058290215,0.49267379911692194,0.11305868840353123,Negative
TCGA-2J-AABO-01A,0.0,0.0,0.0,0.0,0.0,0.0,0.0,0.0,0.0,0.0,0.0,0.0,0.0,0.0,0.0,0.0,0.0,0.0,0.07983088783884607,0.0,0.0,0.0,0.01951271883031047,0.0,0.0,0.0,0.0,0.0028350243077573454,0.0,0.0,0.0,0.3429897028986696,0.4266146009491431,0.2487641767595461,0.0,0.0,0.10939550639939877,0.10051190221305253,0.3079022533150858,0.572503511585657,0.12932840619998048,0.11197694747291943,0.43181553861494676,0.31482385911686667,Negative
TCGA-XN-A8T3-01A,0.0,0.0,0.0,0.0,0.0,0.0,0.0,0.0,0.0,0.0,0.0,0.0,0.0,0.001624034147557328,0.0,0.0,0.0,0.0,0.05579043355715826,0.0,0.0,0.0,0.054565828585998885,0.0,0.0,0.0,0.0,0.001981610653138871,0.0,0.0,0.0,0.35261897920687585,0.46547594855739594,0.34654214977686704,0.059212817833507486,0.22054470100651272,0.1428367115727602,0.05621192362341126,0.3230220540068418,0.45489887663602113,0.1382395416995544,0.10159716060337179,0.7000290246699581,0.23988586493495426,Negative
TCGA-XD-AAUL-01A,0.0,0.0,0.0,0.0,0.0,0.0,0.0,0.0,0.0,0.0,0.0,0.0,0.0,0.0,0.0,0.0,0.0,0.0,0.0,0.0,0.0,0.0,0.008139246197099933,0.0,0.037093157161040065,0.0,0.09940944881889763,0.0015773620798985417,0.8149552966675698,0.004600933943734093,0.0,0.2996076943899609,0.5837958816554247,0.2020625909263571,0.0,0.15600947306098284,0.09304366846515384,0.04472818576405785,0.2214180639252535,0.4629042616397474,0.1125851412416942,0.07090584834881004,0.37621863161322555,0.27935170378462726,Negative
TCGA-2J-AABR-01A,0.0017771745134866396,0.0,0.0,0.0,0.0,0.0,0.0,0.0,0.0,0.0,0.0,0.004427493132051316,0.0,0.0019083374875373878,0.0,0.0,0.0,0.0,0.13139351736715577,0.0,0.0,0.0,0.00802517597010018,0.0,0.0,0.0,0.04907199100112486,0.006993764531811456,0.0,0.0,0.0,0.25325136910071067,0.38878840134449505,0.14903265984304465,0.06966213862765587,0.05772646536412079,0.13610640612906486,0.04961364034490142,0.2801001502384133,0.5072446845411243,0.1344016999946541,0.06761576778795891,0.434318031500363,0.22886637751638378,Negative
TCGA-2J-AABU-01A,0.0,0.0,0.0,0.0,0.0,0.0,0.0,0.0,0.0,0.0,0.0,0.0,0.0,0.0,0.0,0.0,0.0,0.0,0.0,0.0,0.0,0.0,0.0,0.0,0.0,0.0,0.08886389201349831,0.004224793912492073,0.0,0.0,0.0,0.23655574354473444,0.3330453776606905,0.1108403598035086,0.0,0.10449970396684428,0.08625166855489125,0.07491679156042588,0.4489187762766267,0.47383224751784986,0.0993693809138965,0.07457808779990688,0.6839666003919848,0.17528543551503645,Negative
TCGA-2J-AABV-01A,0.0,0.0,0.0,0.0,0.0,0.0,0.0,0.0,0.0,0.0,0.0,0.0,0.0,0.0010125872382851446,0.0,0.0,0.0,0.0,0.0,0.0,0.0,0.0,0.027672095067469184,0.0,0.0,0.0,0.0,0.0012365250475586558,0.0,0.010822130339414412,0.0,0.0730588691322006,0.08537046931857761,0.05938153280842608,0.0,0.015245707519242155,0.020118004688779462,0.004379391556533079,0.07511431077189513,0.06571559075345407,0.03257360039748303,0.003637098403717923,0.15468177028237867,0.044543727203103796,Negative
TCGA-2L-AAQJ-01A,0.0,0.0,0.0,0.0,0.0,0.0,0.0,0.0,0.0,0.0,0.0,0.0,0.0,0.0011878427218344964,0.0,0.0,0.0,0.0,0.1634750891154771,0.0,0.0,0.0,0.0024961249672886847,0.0,0.0,0.0,0.0,0.0,0.1500948252506096,0.0,0.0,0.18332343478807486,0.21403285853040915,0.06367106041773797,0.0,0.017910005920663115,0.024529159048334814,0.010296436148471106,0.18810058238192673,0.26665041091562236,0.05319106700922324,0.012804519138692929,0.35365599597093084,0.13502677459716333,Negative
TCGA-2L-AAQL-01A,0.0,0.0,0.0,0.0,0.0,0.09734409734409734,0.0,0.0,0.0,0.0,0.0,0.00360067212546342,0.0,0.0,0.0,0.0,0.0,0.0,0.0,0.0,0.0,0.0,0.0032677765028752406,0.0,0.0,0.0,0.03993250843644544,0.007588247727753118,0.0,0.0,0.0,0.233698117897972,0.4061207529213647,0.1442056492561804,0.0,0.0,0.06354810485815882,0.03365319111664753,0.28811471517205606,0.3793508460431556,0.10926361080625532,0.0494434536621364,0.5452691304937025,0.2706863281900651,Negative
TCGA-US-A77E-01A,0.0,0.0,0.0,0.0,0.00241372096925839,0.241020241020241,0.0,0.0,0.0,0.0,0.0,0.005947776918358094,0.0,0.0012813123130608174,0.0,0.0,0.0,0.0,0.0,0.0,0.0,0.0,0.0,0.0,0.0,0.0,0.0,0.004695096174170366,0.0,0.00456272020665989,0.0,0.2381499678326987,0.3335880277541141,0.24517492745271827,0.09369557645419714,0.05802249851983422,0.09138072216177412,0.02220838118224108,0.2681257929294924,0.37043880224878856,0.08926662180307608,0.07237298707687982,0.47723055094284667,0.2326330434147277,Negative
TCGA-US-A779-01A,0.0,0.0,0.0,0.0013557151640015183,0.0,0.0,0.0011165354330708662,0.0,0.0,0.0,0.0,0.0,0.0,0.0026171485543369888,0.0,0.009950128310657046,0.0,0.0,0.0450136781895051,0.0,0.0,0.0,0.005502210949399789,0.0,0.0,0.0,0.0,0.015982350454449377,0.0,0.0,0.0,0.17612851139901262,0.2754623415238733,0.10115532999645985,0.0,0.03952042628774423,0.032633568520118006,0.04535103256320922,0.3607353881474523,0.26843968830169757,0.045349700158175604,0.019481318140687185,0.5535856591836281,0.09254490665096389,Negative
TCGA-US-A776-01A,0.002197004371912435,0.0,0.0,0.0,0.0,0.1478881478881479,0.0,0.0,0.0,0.0,0.0,0.0,0.0,0.0,0.0,0.0,0.0,0.0,0.0,0.07725321888412016,0.0,0.3640776699029126,0.0024827049405828317,0.0,0.0,0.0,1.0,0.002882582963432678,0.0,0.0,0.0,0.6309549018475463,0.49611442055746674,0.014664499507737945,0.17241379310344826,0.1782119597394908,0.007812762902556395,0.0,0.46344943871934074,0.1501859680814894,0.017149120600249684,0.0024203396382229173,0.46407615587967,0.024185639526463864,Negative
TCGA-2L-AAQM-01A,1.0,0.0,0.0,0.0,0.0,0.0,0.0006141732283464567,0.0,0.0,0.0,0.05167464114832536,0.0033472914944122907,0.0,0.004319074027916251,0.0,0.021885440371858807,0.0,0.0,0.0,0.0,0.0,0.0,0.003026216022169884,0.0,0.0,0.0069262999876485735,0.1479190101237345,0.010547452969773833,0.0,0.0,0.0,0.5980537059654362,0.6976743096395794,1.0,1.0,1.0,1.0,0.0935243396850731,0.4164479565715352,0.6055106996040237,0.2894762909550599,0.0007379619949572597,0.5041797547364822,0.058689273330518085,Negative
TCGA-F2-A44H-01A,0.0,0.0,0.0,0.0,0.009705457078294212,0.0,0.0,0.0,0.0,0.0,0.0,0.0,0.0,0.004295706630109671,0.0,0.0,0.0,0.0,0.22175246621901684,0.0,0.0,0.0,0.018063355946078333,0.0,0.0,0.0,0.0,0.0,0.0,0.0,0.0,0.21826494306019292,0.2610004649055326,0.15266325399429956,0.0,0.0,0.056066248639917445,0.037215096249294435,0.1558037298163031,0.3003719361629788,0.07486867179662957,0.06725557205232502,0.3677807454182485,0.22905381926701143,Negative
TCGA-FB-A4P6-01A,0.0,0.0,0.0,0.0,0.0,0.15467415467415468,0.0,0.0,0.0,0.0,0.0,0.0057344037553676685,0.0,0.0,0.0,0.0,0.0,0.0,0.0,0.0,0.0,0.0,0.031121041930873443,0.0,0.0,0.0,0.06341394825646794,0.012053477066159375,0.0,0.0,0.0,0.2581291060247086,0.35961753146789194,0.23288258839398535,0.0,0.0,0.17399802577706985,0.07481947174805847,0.29058844303326886,0.4087760449757709,0.1543418888619847,0.07093220413434423,0.49080868596116156,0.2315971124402611,Negative
TCGA-HZ-8638-01A,0.0,0.0,0.0,0.0,0.0003126343350658486,0.052182052182052185,0.0,0.0,0.0,0.0,0.0,0.0038673885792014514,0.0,0.0,0.0,0.0,0.0,0.0,0.028682748901599935,0.0,0.0,0.0,0.0017513134851138354,0.0,0.0,0.0,0.04274465691788526,0.002034453603889241,0.0,0.0,0.0,0.3371118920623649,0.33742111226436067,0.07959140957494915,0.06095437129919889,0.06290704558910598,0.08016074212834692,0.06495124277400394,0.3310973279234884,0.3739830138849299,0.11821385781805717,0.014539608353026963,0.311374029898444,0.16635172683430888,Negative
TCGA-HZ-7918-01A,0.0,0.0,0.0,0.0,0.0,0.0,0.0,0.0,0.0,0.0,0.0,0.0,0.0,0.007590509720837487,0.0,0.0,0.0,0.0,0.0,0.0,0.0,0.0,0.0,0.0,0.0,0.0,0.0,0.011916085394208414,0.1368192901652669,0.003859587444494547,0.04855994641661084,0.2649487640365056,0.2965686015055026,0.11011682502603433,0.0,0.03271166370633511,0.16515608700041506,0.03756544757381708,0.18616801308964007,0.41676082409789167,0.15430493929264372,0.05064703453486431,0.28380514434463916,0.19578182128146662,Negative
TCGA-IB-7887-01A,0.0,0.0,0.0,0.0,0.0,0.0702000702000702,0.0009559055118110235,0.0,0.0,0.0,0.0,0.018203397967620626,0.026614417503469667,0.0011216350947158525,0.0,0.0,0.0,0.0,0.0,0.0,0.0,0.0,0.002355214686877227,0.0,0.01612218922358931,0.010769493876542741,0.0,0.0,0.0,0.0,0.10026791694574681,0.44760152188053826,0.4199441870409188,0.10545777786965521,0.0,0.016873889875666077,0.06281618414115694,0.033945150553749734,0.5350387117684363,0.6423986619914211,0.13297697963213953,0.06437400616725382,0.4429789121108722,0.17343580728900518,Negative
TCGA-HV-A7OP-01A,0.0,0.0,0.0,0.0,0.0,0.0,0.0,0.0,0.0,0.0,0.0,0.003413970607846798,0.0,0.002936502991026919,0.0,0.0,0.9197707736389684,0.5432692307692308,0.0,0.0,0.0,0.4526699029126213,0.0,0.0,0.0,0.0017672041120749445,0.0,0.005376770238850137,0.0,0.0,0.0,0.20659226478002535,0.2693368336896336,0.015677448196201958,0.053639846743295014,0.08866193013617525,0.007434183221348529,0.0,0.17170915697090897,0.05315630591491832,0.06956129854937562,0.0030133448127421434,0.5961894754726369,0.011831879971174852,Negative
TCGA-HV-AA8V-01A,0.0,0.0,0.0,0.0,0.0,0.0,0.0,0.0,0.0,0.0,0.0,0.0,0.0,0.003824464107676969,0.0,0.0,0.0,0.0,0.0,0.0,0.0,0.0,0.008038595996806034,0.0,0.0,0.0,0.0,0.010896216444726273,0.0,0.0,0.0,0.3490844974521644,0.42606726535763106,0.3883934685482016,0.0,0.07696862048549437,0.1301108256963062,0.01103606672246336,0.22739626678921612,0.4735334622345705,0.14866344759922137,0.14918692401627032,0.42384032790797865,0.3319132409983383,Negative
TCGA-IB-7654-01A,0.0,0.0,0.0,0.0,0.0,0.0,0.0,0.0,0.0,0.0,0.0,0.0,0.0,0.0,0.0,0.0,0.0,0.0,0.030838099975130564,0.0,0.49361702127659574,0.0,0.0018855137521723668,0.0,0.0,0.0,0.0,0.0021903403086028323,0.11324844215659713,0.006389336838806814,0.0,0.22208033911251523,0.33382750876752143,0.1187501453529687,0.06548241030999652,0.040556542332741266,0.12540522047358915,0.054362847188430624,0.19164650921715765,0.3649164259785218,0.12149450787890605,0.0851467577991162,0.3454813038650343,0.1887581918785969,Negative
TCGA-HV-AA8X-01A,0.0,0.0,0.0,0.0,0.0,0.0792090792090792,0.0,0.0,0.0,0.0,0.0,0.002933880991118342,0.0,0.0012657340478564308,0.0,0.0,0.0,0.0,1.0,0.0,0.0,0.0,0.007971495863276768,0.0,0.0,0.0,0.03248031496062992,0.016973155781018812,0.0,0.004501578227341164,0.0,0.33792207551461145,0.3265304528742147,0.10649656708588615,0.046325322187391146,0.11456483126110124,0.12159138072216177,0.016427584327617418,0.4307553666251387,0.4839016549957243,0.10897961012701217,0.02335122598329043,0.3900359420477461,0.1188885182577398,Negative
TCGA-HZ-7289-01A,0.004352972742625357,0.0,0.0,0.0,0.0,0.0,0.0004992125984251968,0.0,0.0,0.0,0.0,0.0027071720054410156,0.0,0.0,0.0,0.0,0.0,0.0,0.0,0.0,0.0,0.0,0.0,0.0,0.033577792593490516,0.001406162411758558,0.060039370078740155,0.0014267596702599874,0.0,0.0,0.0,0.25562131611913336,0.352421994699834,0.01384277072474928,0.08533611981887844,0.21181172291296627,0.004097073438849567,0.0,0.1800648019434708,0.16761510960611858,0.08211314587061047,0.011398877243536245,0.5421949931938665,0.031223185718243302,Negative
TCGA-IB-7649-01A,0.0,0.0,0.0,0.0,0.0,0.0,0.0,0.0,0.0,0.0,0.0,0.0,0.0,0.0,0.0,0.0,0.0,0.0,0.0,0.0,0.0,0.0,0.006944863820279002,0.0,0.0,0.0,0.0,0.006053160008454872,0.0,0.0,0.0,0.21908605887935162,0.3607371919740542,0.12451258304499611,0.0,0.0,0.1294013393307833,0.1359947058022072,0.17028119030079342,0.427225177639871,0.13398444501746848,0.0542885255695046,0.26405269342869336,0.22056588273104807,Negative
TCGA-HZ-7924-01A,0.0,0.0,0.0,0.0,0.0,0.0,0.0,0.0,0.0,0.0,0.0,0.0,0.0099599967344273,0.0025042061316051844,0.0,0.006342904178569699,0.0,0.3092948717948718,0.0,0.0,0.0,0.0,0.0035093369835805972,0.0,0.0,0.00100236577324681,0.02137232845894263,0.0010198689494821391,0.0,0.0,0.0,0.33423667956448305,0.3169623187037622,0.06175369325743109,0.06095437129919889,0.0630550621669627,0.08584504593433466,0.018082021137863245,0.3174329108619141,0.37171636690832793,0.09728467835006809,0.02570567615767788,0.41841210783827903,0.16927033840846734,Negative
TCGA-FB-A78T-01A,0.0,0.0,0.0,0.0003880401184977512,0.0,0.07043407043407043,0.0009590551181102362,0.0,0.0,0.0,0.0403280929596719,0.005214306670578509,0.0,0.0011255296610169492,0.0,0.0,0.0,0.0,0.0,0.0,0.0,0.0,0.0023619247002301534,0.0,0.0,0.0,0.028824521934758155,0.002742549143944198,0.0,0.024005869630014595,0.0,0.17681225965131928,0.2818047705659093,0.17430469599911108,0.0,0.017021906453522796,0.05952113876768108,0.009731981236740177,0.17592027148012743,0.2694837196363749,0.051616189886195325,0.0247964015567484,0.49313394632357554,0.09663992178764633,Negative
TCGA-IB-7645-01A,0.0,0.0,0.0,0.0,0.0,0.0,0.0,0.0,0.0,0.0,0.0,0.0,0.0,0.0014020438683948154,0.0,0.0,0.0,0.0,0.09632761336317666,0.0,0.0,0.0,0.0029456958619347652,0.0,0.0,0.0,0.0,0.01025417459310928,0.0,0.0,0.0,0.2796568377558323,0.3077893282054317,0.15954975464418886,0.0,0.04233274126702191,0.09106383694713346,0.02425209724195652,0.17526716032426432,0.6414027110471566,0.11897898905978284,0.09915046517961468,0.3693611740934089,0.25886749520849306,Negative
TCGA-HZ-8001-01A,0.0,0.0,0.0,0.0,0.0,0.0,0.0,0.0,0.0,0.0,0.0,0.0,0.012654094211772389,0.0021264332003988035,0.0,0.032343969399118766,0.0,0.0,0.0,0.0,0.5851063829787234,0.0,0.006703303339573646,0.2131029517638589,0.0,0.0,0.027277840269966252,0.022075142675967028,0.0,0.0,0.0,0.46211946747965454,0.5231965995084392,0.23333479762990678,0.039010797631487286,0.048105387803433985,0.08616473544291019,0.1519940829554081,0.17743212099235034,0.4396161811119621,0.18993415115046808,0.14901121877937573,0.5619681760169253,0.4027553502442614,Negative
TCGA-HZ-8005-01A,0.0,0.0,0.0,0.0,0.0005930857238749187,0.0,0.0,0.0,0.0,0.0,0.0,0.0,0.0,0.0,0.0,0.0,0.0,0.0,0.0,0.0,0.0,0.0,0.0,0.0,0.0,0.0,0.0,0.0,0.0,0.0,0.0,0.37254036598237183,0.40250979572790174,0.17036401551465286,0.11529083942877044,0.0475133214920071,0.06933897183367171,0.02047608852210133,0.26525810946351863,0.4235710679685005,0.0841945072499772,0.1099563372486317,0.6962047462920226,0.24504986341976384,Negative
TCGA-HZ-A9TJ-01A,0.0,0.0,0.0,0.0,0.0,0.0,0.0,0.0,0.0,0.0,0.0,0.0,0.0,0.0,0.0,0.0,0.0,0.0,0.0,0.0,0.0,0.0,0.0,0.0,0.0,0.0,0.0,0.0,0.0,0.0,0.0,0.11708374834737073,0.17962134581040984,0.04691347816087795,0.0,0.021018354055654234,0.04841893907951856,0.04233411837981976,0.1092745374448764,0.23734541295903894,0.03424615803094958,0.0164855438516345,0.6545978313413847,0.08394781030198997,Negative
TCGA-HZ-8317-01A,0.0,0.0,0.0,0.0,0.0017930498628776612,0.0,0.0,0.27537796976241896,0.0,0.0,0.0,0.0,0.0,0.0,0.0,0.007238657822108168,0.0,0.0,0.03274475669402305,0.0,0.0,0.0,0.006005461950869282,0.0,0.0,0.0,0.04893138357705286,0.0,0.0,0.0,0.0,0.21183053215197226,0.24053611816201448,0.13466274235184977,0.1044932079414838,0.14387211367673178,0.06976522451177243,0.037137240399400515,0.18293020066277238,0.2790482830149152,0.07913398857236298,0.021023131594437174,0.2371704890909716,0.16103464367149245,Negative
TCGA-HZ-A8P0-01A,0.0,0.0,0.0,0.0,0.0,0.0,0.0,0.0,0.0,0.0,0.0,0.0,0.0,0.0024808387337986043,0.0,0.0,0.0,0.0,0.0,0.0,0.0,0.0,0.01043407076380082,0.0,0.008909630886720407,0.0,0.0,0.0045471359120693305,0.0,0.0,0.0,0.22694809431020213,0.20219607560033814,0.09084754347022783,0.0,0.056246299585553584,0.06961659693322415,0.026879732175876365,0.20382061866370388,0.32837876357841744,0.06855678126798342,0.041404939074209106,0.30915697997803426,0.13476105090891854,Negative
TCGA-HZ-A77Q-01A,0.0016509098944112123,0.0,0.0,0.0006123758120042636,0.005340070296749752,0.0,0.0,0.0,0.0,0.0,0.0,0.004120769210252581,0.02106294391378888,0.0,0.0,0.0,0.0,0.0,0.1220260300091188,0.0,0.0,0.0,0.0,0.0,0.0,0.0021329963610797046,0.0,0.0021639188332276474,0.0,0.0,0.0,0.319549044618079,0.3963705784733294,0.2014139936794069,0.0,0.0,0.07183479343570875,0.030714132783151996,0.28331119848997827,0.49078745376555316,0.13947597649063995,0.07917717237562266,0.3696759451221362,0.43592123271436967,Negative
TCGA-IB-7888-01A,0.0,0.0,0.0,0.0,0.0006321650157581497,0.0,0.0007149606299212598,0.0,0.0,0.0,0.0,0.0,0.0,0.0,0.0,0.012758437030939814,0.0,0.0,0.0,0.0,0.0,0.0,0.0,0.0,0.0,0.0,0.0,0.010240963855421687,0.0,0.0,0.0,0.3932533987183939,0.449415102332146,0.16221132900418359,0.0,0.025310834813499113,0.14571952573780975,0.14529847986453084,0.24512263704155332,0.5226510153548162,0.148011916629193,0.1412011209994114,0.31543520823936555,0.34170587649458706,Negative
TCGA-IB-7889-01A,0.0,0.0,0.0,0.0,0.0,0.0,0.0,0.0,0.0,0.0,0.0,0.0024671271970767876,0.012654094211772389,0.0010632166001994018,0.0,0.0,0.0,0.0,0.10975710851363674,0.0,0.0,0.0,0.01117888224597567,0.0,0.0,0.0,0.054555680539932504,0.002597231029380681,0.0,0.0,0.0,0.176729791579178,0.36773992917262266,0.09601564902361566,0.039010797631487286,0.015985790408525755,0.09527588643731282,0.03223232185608346,0.2363273415307868,0.5120424206415984,0.10950299684592187,0.03384082862589719,0.3882335302695957,0.22273820649992326,Negative
TCGA-IB-7890-01A,0.0,0.0,0.0,0.0012950838954862447,0.0,0.0,0.0,0.0,0.0,0.0,0.0,0.0,0.0,0.0,0.0,0.0,0.0,0.0,0.0,0.0,0.0,0.0,0.007890975703041649,0.0,0.026971331595854294,0.0,0.0,0.01374709363770873,0.0,0.0,0.0,0.49925766852065356,0.45866201957809355,0.21788474607805391,0.06861720654824102,0.02827116637063351,0.15496247854715142,0.08126204332678047,0.3799497812681454,0.5388918843735298,0.17370994902531753,0.1627645461972994,0.43575005005997086,0.2962375526282943,Negative
TCGA-IB-7891-01A,0.0,0.0,0.0,0.0,0.0,0.0,0.0,0.0,0.0,0.0,0.0,0.0,0.0,0.0011099513958125623,0.0,0.025347407156345324,0.0,0.0,0.0,0.0,0.0,0.0,0.021029181848071878,0.0,0.008000484877871387,0.0,0.0,0.006785034876347495,0.0,0.0,0.0,0.23639983848616192,0.37325528103357236,0.13272987087488275,0.04075235109717868,0.03359976317347543,0.12036590427262225,0.09626875839383382,0.17533145962346722,0.3949220239096913,0.14048422803701874,0.07644495594191185,0.40028862859951414,0.22205889324126799,Negative
TCGA-IB-AAUN-01A,0.0,0.0,0.0,0.0,0.0,0.09629109629109629,0.0,0.0,0.0,0.2061805890873974,0.0,0.0,0.0,0.003072812811565304,0.0,0.0,0.0,0.0,0.0,0.0,0.0,0.0,0.012910065691030724,0.0,0.0,0.0018479634397772942,0.03937007874015748,0.0037492073557387445,0.0,0.0,0.06878767582049564,0.18740762447034465,0.2525370670621459,0.1350839429544509,0.05607802159526297,0.0,0.07597673557751629,0.03990112307063472,0.30738916449098946,0.3705624375384214,0.06399665409857201,0.05911602695318335,0.40281463450153415,0.12980015056226002,Negative
TCGA-IB-AAUM-01A,0.0,0.0,0.0,0.0,0.0,0.0,0.0,0.0,0.0,0.0,0.0,0.0,0.0,0.0,0.0,0.0,0.0,0.0,0.0,0.0,0.0,0.0,0.04114580188014574,0.0,0.0,0.0,0.026434195725534307,0.0012576622278588038,0.0,0.0,0.0,0.1153070010640045,0.17138146357953662,0.27387083353790415,0.0,0.0778567199526347,0.08066831933055896,0.06245985557739846,0.15633444382901346,0.19614395268889584,0.07657031738893903,0.029610725047660047,0.23183151735311192,0.10368790557110805,Negative
TCGA-FB-A7DR-01A,0.0,0.0,0.0,0.0,0.0,0.0,0.0,0.0,0.0,0.0,0.0,0.0,0.0,0.0,0.01299636389818915,0.0,0.0,0.0,0.14540329934510487,0.0,0.0,0.0,0.005924941790634164,0.0,0.0,0.001695945881749342,0.07241282339707536,0.0017200380469245405,0.17800054185857492,0.0,0.0,0.322281661025803,0.45443691506111716,0.19177547682233861,0.05154998258446534,0.0637951450562463,0.21294686423852205,0.03051949315841719,0.31324953970514363,0.5218130428361936,0.1556596913217254,0.059296124821000294,0.37923739955138175,0.40559176578392186,Negative
TCGA-FB-AAPP-01A,0.0,0.0,0.0,0.0,0.0,0.12273312273312273,0.0,0.0,0.0,0.0,0.0,0.00454751553623343,0.0,0.0,0.0,0.0,0.0,0.0,0.0,0.0,0.0,0.0,0.0,0.0,0.0,0.0,0.0,0.0,0.0,0.0,0.0,0.361510796068816,0.4433824367748433,0.00608544428911416,0.0,0.0,0.0015255359005709544,0.0,0.4118281988003774,0.2563577730536886,0.005397192147194506,0.004023649924886011,0.5542227860851485,0.015564623696551377,Negative
TCGA-FB-AAPQ-01A,0.0,0.0,0.0,0.0,0.0,0.14648414648414648,0.0,0.0,0.0,0.0,0.0,0.0,0.0,0.0,0.0,0.0,0.0,0.0,0.2411506258807925,0.0,0.0,0.0,0.0,0.0,0.0,0.0,0.0,0.008560558021559925,0.0,0.008322951934761508,0.0,0.29206863910331776,0.30778134550498476,0.08167674016574114,0.0,0.0,0.020025462988928648,0.0,0.16949099434459922,0.3384893828195028,0.060360069622422574,0.031183286917866586,0.2539860883846709,0.06619564134869341,Negative
TCGA-FB-AAPZ-01A,0.0,0.0,0.0,0.0,0.0,0.0,0.0,0.0,0.0,0.0,0.0,0.0,0.0,0.0,0.0,0.0,0.0,0.0,0.07311614026361601,0.0,0.0,0.0,0.0,0.0,0.0,0.0,0.054555680539932504,0.0,0.0,0.0,0.0,0.1383930704004027,0.33818849272906143,0.09490450632963726,0.0,0.03211959739490823,0.05629059215470729,0.009206454249956206,0.20413297617302972,0.3573334615477078,0.07479555881899742,0.030537570172278986,0.4688566302661572,0.11867889662478728,Negative
TCGA-FB-AAQ2-01A,0.0,0.0,0.0,0.0,0.0,0.0,0.0,0.0,0.0,0.0,0.0,0.005987784386418798,0.0,0.0,0.0,0.0,0.0,0.4759615384615385,0.0,0.0,0.0,0.0,0.002710845394582335,0.0,0.0,0.0,0.0,0.003149439864722046,0.0,0.004593291196319253,0.0,0.19806335496753683,0.20892549207708305,0.08312380972068974,0.0,0.03892835997631735,0.07082244332521959,0.03349747941685969,0.27144814098323095,0.37168889239952063,0.05151202354709576,0.07081360309944039,0.5541547753166925,0.09918234516158915,Negative
TCGA-IB-A5SS-01A,0.001215296958600988,0.0,0.0,0.001352077287890602,0.0,0.08190008190008191,0.0,0.0,0.0,0.0,0.0,0.0,0.031022940648216178,0.0,0.0,0.0,0.0,0.0,0.13479234021387715,0.0,0.0,0.0,0.005488790922693936,0.0,0.0,0.0,0.0,0.0,0.0,0.0,0.0,0.3963548636793261,0.4115441301902087,0.18942140474277047,0.09543712991988854,0.17747187685020724,0.11903947324142729,0.10746053681608503,0.271383841684028,0.500060100488016,0.10281433863415523,0.12333189840723204,0.478673946768553,0.305267809032083,Negative
TCGA-IB-A5SQ-01A,0.005577739547657002,0.0,0.0,0.0,0.0,0.0,0.0,0.0,0.0,0.0,0.0,0.00694796361987571,0.0,0.005989842971086739,0.0,0.0,0.0,0.0,0.0,0.0,0.0,0.0,0.0062939925250451246,0.0,0.0,0.0,0.07691226096737908,0.010970196575776792,0.0,0.0,0.0,0.38525352040039085,0.5031896962079223,0.23087219533371747,0.3284569836293974,0.15822972172883362,0.23216749486814212,0.0972808844424548,0.3525168279752216,0.6168954491910476,0.19360316476992212,0.34971491825313855,0.5425825787256249,0.5212707245993596,Negative
TCGA-FB-AAQ3-01A,0.0,0.0,0.0,0.0,0.0,0.0854100854100854,0.0,0.0,0.0,0.0,0.0,0.0,0.0,0.0,0.0,0.0,0.0,0.0,0.0,0.0,0.0,0.0,0.0028651757016996465,0.0,0.0,0.0,0.0,0.00665556964700909,0.1720400975345435,0.004853144608423836,0.0,0.12240757337341235,0.3083512409021077,0.09312667801927185,0.0,0.0,0.024414182997005016,0.01771220585086712,0.20266159931614267,0.41474831632775716,0.08652960210816947,0.023078882866103823,0.2019077905450368,0.1608180636440851,Negative
TCGA-IB-A5SO-01A,0.0,0.0,0.0,0.0,0.0,0.0,0.0,0.0,0.0,0.0,0.0,0.0,0.0,0.0,0.0,0.015978308236091608,0.0,0.0,0.0,0.0,0.0,0.0,0.0,0.0,0.0,0.0,0.0,0.008985943775100402,0.0,0.007489892466543873,0.0,0.3068534770511794,0.3794746723665462,0.19048603448676835,0.0,0.14283599763173477,0.13188874805101572,0.08196274597582576,0.24691028811634713,0.4003585423399353,0.09581652258955162,0.09929981463097509,0.3694491582845712,0.2932458779123599,Negative
TCGA-H6-A45N-01A,0.0,0.0,0.0,0.0,0.0,0.0,0.0,0.0,0.0,0.0,0.0,0.0,0.0,0.007574931455633101,0.0,0.0,0.0,0.0,0.0,0.0,0.0,0.0,0.005307620562164919,0.0,0.0,0.0,0.06482002249718785,0.006164130205030649,0.31861284204822543,0.03595912658682543,0.0,0.2918502294252261,0.4533625477031428,0.3519505722384874,0.0,0.0,0.20749531682912878,0.16400334780154546,0.2828366239669273,0.36385178876223906,0.13406325766271177,0.11791139184903406,0.4934742529939908,0.31772594450419483,Negative
TCGA-H8-A6C1-01A,0.0,0.0,0.0,0.0,0.0,0.0,0.0,0.0,0.0,0.0,0.0,0.0,0.0,0.0025042061316051844,0.0,0.00951435626785455,0.0,0.0,0.04310702147061262,0.0,0.0,0.0,0.0,0.0,0.0,0.0,0.0,0.012233143098710634,0.15822270387428883,0.0,0.0,0.13983709347340073,0.1840996407611262,0.08681383708580863,0.04562870080111459,0.0756364712847839,0.047319655857048316,0.032543745255659146,0.2019174246857739,0.30577754577081456,0.057535982591249715,0.03214088045894208,0.5331032934404246,0.14464110123550641,Negative
TCGA-HV-A5A5-01A,0.0,0.0,0.0,0.0,0.0,0.0,0.0,0.0,0.0,0.0,0.0,0.0,0.0,0.0014877243270189431,0.0,0.0,0.0,0.0,0.0,0.0,0.0,0.0,0.009394018694097202,0.0,0.0,0.0,0.19122609673790775,0.005456034664975692,0.0,0.0,0.0,0.2645342847344469,0.3578273241241893,0.2501440609423007,0.0,0.022498519834221433,0.1183496169334485,0.03225178581855694,0.26016899944741767,0.3892622750953881,0.1233038575350392,0.08866964779885265,0.3774883345098269,0.22568639125051482,Negative
TCGA-HV-A7OL-01A,0.0,0.0,0.0,0.0,0.0005126283582329724,0.0,0.0,0.0,0.0,0.0,0.0,0.0,0.0,0.0027261964107676974,0.012564351801850452,0.0,0.0,0.0,0.0,0.0,0.0,0.0,0.0,0.0,0.0,0.0,0.0,0.014975692242654829,0.5161202926036305,0.009706289216847672,0.0,0.18183306798577556,0.24069611924488513,0.06774611164658427,0.09961685823754789,0.0,0.026545446387508553,0.005897580629464547,0.20798832298615083,0.2804735231592938,0.07444041056474665,0.018185492018589614,0.711830536379946,0.11330527650702515,Negative
TCGA-2J-AAB1-01A,0.0,0.0,0.0,0.0,0.0,0.0,0.0,0.0,0.0,0.0,0.0,0.0,0.0,0.0013864656031904287,0.0,0.0,0.0,0.0,0.0,0.0,0.0,0.0,0.0029188558085230585,0.0,0.0,0.0,0.0,0.0,0.0,0.0,0.0,0.16402352930551667,0.323947008057842,0.12313528291501825,0.0,0.021018354055654234,0.07783878675027202,0.04206162290519104,0.3253192035895328,0.34080411018651763,0.0812432586689979,0.049144754759415606,0.41195993381970725,0.13645933405555669,Negative
