sample,MAGEA1,MAGEA2,MAGEA2B,MAGEA3,MAGEA4,MAGEA5,MAGEA6,MAGEA7P,MAGEA8,MAGEA9,MAGEA9B,MAGEA10,MAGEA11,MAGEA12,MAGEB1,MAGEB2,MAGEB3,MAGEB4,MAGEB5,MAGEB6,MAGEB10,MAGEB16,MAGEB17,MAGEB18,MAGEC1,MAGEC2,MAGEC3,CSAG1,CSAG2,CSAG3,CSAG4,MAGED1,MAGED2,TRO,MAGED4,MAGED4B,MAGEE1,MAGEE2,MAGEF1,NSMCE3,MAGEH1,MAGEL2,TRIM28,NDN,source
C3L-00017-02,0.0,0.0,0.0,0.0,0.0,0.5848,0.0,0.0,0.0,0.0,0.0,0.0475,0.0,0.0,0.0,0.0,0.0,0.0,0.0,0.0,0.0,0.0,0.0,0.0,0.0,0.0,0.0,0.5045,0.0,0.0,0.0,44.7192,106.6235,2.7888,0.0143,0.0139,0.9098,0.3643,32.9927,7.037,17.9322,0.3029,64.7977,15.2821,df_numeric
C3L-00102-01,0.0,0.0,0.0,0.0,0.0,0.1738,0.0,0.0,0.1732,0.0,0.0,0.0,0.0236,0.0,0.0,0.0,0.0,0.0,0.0,0.0,0.0,0.0,0.0,0.0,0.0,0.0,0.0,0.0,0.0,0.0,0.0,57.5165,146.8381,6.949,0.017,0.0,1.3071,1.0108,38.315,8.8414,41.6774,0.4171,77.6363,29.5546,df_numeric
C3L-00189-02,0.0,0.0,0.0,0.0,0.0,0.1785,0.0,0.0,0.1423,0.0,0.0,0.058,0.0,0.0,0.0,0.0,0.0,0.0,0.0,0.0,0.0,0.0,0.2609,0.0,0.0197,0.0,0.1825,0.077,0.1552,0.0,0.0,76.9663,175.4755,16.1324,0.035,0.034,2.5218,1.223,44.3739,10.3632,42.0851,1.3234,57.838,44.1435,df_numeric
C3L-00277-03,0.0,0.0,0.0,0.0,0.0,1.1846,0.0,0.0,0.1259,0.0,0.0,0.2566,0.0,0.0,0.0,0.0,0.0,0.0,0.2447,0.0,0.0,0.0,0.0,0.0,0.0,0.0,0.0,0.0,0.0,0.0,0.0,40.556,133.2166,5.6272,0.0,0.015,1.4334,0.492,54.6693,9.4955,23.8164,0.2584,56.2706,20.2964,df_numeric
C3L-00401-02,0.0,0.0,0.0,0.0,0.0,0.3063,0.0,0.0,0.2137,0.0,0.0,0.0,0.0,0.0,0.0,0.3591,0.0,0.0,0.0,0.0,0.0,0.0,0.0,0.0,0.0,0.0,0.0,0.0,0.0,0.0,0.0,36.4957,110.3053,6.0797,0.075,0.0292,1.1715,0.2227,33.6312,6.6409,33.1642,1.3362,44.748,31.8686,df_numeric
C3L-00589-01,0.7828,0.0,0.0,0.0,0.0229,0.2245,0.0,0.0,0.0597,0.0389,0.0,0.0486,0.0,0.0,0.0,0.0,0.0,0.0,0.1159,0.0,0.0,0.0,0.0875,0.0,0.0,0.0,0.0255,0.1291,0.0,0.1302,0.0,46.3777,182.16,6.8855,0.0,0.0,1.397,0.373,59.8421,10.5141,35.5401,0.1795,58.1491,29.4028,df_numeric
C3L-00598-02,0.0,0.0,0.0,0.0,0.0,0.2768,0.0,0.0,0.0,0.0,0.0,0.1499,0.0,0.0,0.0,0.0,0.0,0.0,0.0,0.0,0.0,0.0,0.2158,0.0,0.0,0.0,0.0,0.0,0.0,0.0,0.0,60.2338,141.2893,9.7194,0.0,0.0,1.8422,0.6132,54.8793,10.3388,32.5941,1.5496,68.4482,22.117,df_numeric
C3L-00599-01,0.0,0.0,0.0,0.0,0.0,0.3507,0.0,0.1753,0.1747,0.0,0.0,0.0285,0.0,0.042,0.0,0.0,0.0,0.0,0.0679,0.0,0.0,0.0,0.1025,0.0,0.0,0.0,0.0,0.0,0.0,0.0763,0.0,36.5037,105.7569,6.0865,0.0,0.0,1.7502,0.7282,47.868,7.0041,28.3868,0.7648,70.651,27.0355,df_numeric
C3L-00622-01,0.0,0.0,0.0,0.0,0.0,0.152,0.0,0.0,0.0606,0.0,0.0,0.0247,0.0207,0.0364,0.0,0.0,0.0,0.0,0.0,0.0,0.0,0.0,0.0,0.0,0.0,0.0,0.0,0.1967,0.0,0.0,0.0,67.2017,169.464,14.3063,0.0,0.0145,1.5568,1.0102,42.3847,10.2491,33.4111,0.9615,66.3578,30.689,df_numeric
C3L-00625-03,0.1113,0.0,0.0,0.0,0.0,0.3033,0.0511,0.0,0.1209,0.0,0.0,0.0328,0.0,0.1938,0.0,0.0,0.0,0.0,0.0,0.0,0.0,0.0,0.1182,0.0,0.0,0.0,0.0689,0.2616,0.0,0.0,0.0,68.2999,139.2883,8.9181,0.0396,0.0192,2.1754,0.7557,42.2084,8.9233,42.5849,0.8598,82.2402,35.8702,df_numeric
C3L-00640-01,0.0,0.0,0.0,0.0,0.0,0.4155,0.0,0.0,0.0828,0.0,0.0,0.1013,0.0282,0.0,0.0,0.0,0.0,0.0,0.0805,0.0,0.0,0.0,0.0,0.0,0.0,0.0,0.0,0.0896,0.0,0.0904,0.0,59.0273,121.4997,8.32,0.0,0.0,1.8855,0.6904,36.1287,8.725,27.3867,0.8157,78.4728,29.7784,df_numeric
C3L-00819-01,0.0,0.0,0.0,0.0,0.0,0.5279,0.0,0.0,0.0526,0.0,0.0,0.0858,0.0,0.0,0.0,0.0,0.0,0.0,0.0511,0.0,0.0,0.0,0.0,0.0,0.0,0.0,0.045,0.1138,0.0,0.1148,0.0,67.3332,153.7495,9.3935,0.0258,0.0377,1.2318,0.4385,50.4252,8.0875,31.2931,0.8203,75.8239,26.4793,df_numeric
C3L-00881-71,0.0,0.0,0.0,0.0,0.0,0.0,0.0,0.0,0.0,0.0,0.0,0.0742,0.0,0.0,0.0,0.0,0.0,0.0328,0.0,0.0,0.0,0.0,0.1781,0.0,0.0,0.0,0.026,0.197,0.0,0.0,0.0,42.354,149.8232,9.312,0.0,0.0,1.3819,1.17,40.4764,10.43,47.514,0.8303,67.4054,28.033,df_numeric
C3L-00928-03,0.0,0.0,0.0,0.0495,0.0,0.0931,0.0,0.0,0.0371,0.0,0.0,0.0,0.0,0.0446,0.0,0.0,0.0,0.0,0.0,0.0,0.0,0.0,0.0544,0.0,0.0,0.0,0.0635,0.5622,0.0,0.0,0.0,55.983,144.0948,9.7556,0.0,0.0177,1.4485,0.4254,56.0489,11.5034,47.387,1.0154,54.8739,30.9235,df_numeric
C3L-01031-01,0.0,0.0,0.0,0.6792,1.6192,0.3652,0.2462,0.1217,0.2184,0.0,0.0,0.0791,0.1985,0.0584,0.0873,0.0357,0.0,0.0,0.0,0.0,0.0,0.0577,0.0,0.0,0.0,0.2876,0.083,0.2626,0.0,0.1059,0.0,81.2226,222.1439,6.3525,0.0,0.0,1.1207,0.2781,41.6673,8.019,27.9946,0.2788,106.3099,18.8035,df_numeric
C3L-01032-01,0.0,0.0,0.0,0.0511,0.0,0.0962,0.0,0.0,0.0767,0.0,0.0,0.0313,0.0,0.0,0.0,0.0,0.0,0.0,0.0,0.0,0.0,0.0,0.0563,0.0,0.0426,0.0,0.0328,0.166,0.0,0.1674,0.0,83.2429,152.4296,13.5238,0.0,0.0366,2.6447,0.7194,61.9751,7.0131,29.0189,1.616,89.0448,28.1541,df_numeric
C3L-01036-01,0.0,0.0,0.0,0.0,0.0,0.0,0.0,0.0,0.3094,0.0,0.0,0.063,0.0,0.0465,0.0,0.0,0.0,0.0,0.0,0.0,0.0468,0.046,0.0,0.0,0.0,0.0,0.0662,0.0,0.0,0.0,0.0,32.2368,97.9121,10.8727,0.038,0.0,1.9118,0.6447,31.968,7.033,19.6744,0.8252,81.8825,12.8024,df_numeric
C3L-01037-01,0.0,0.0,0.0,0.0,0.0,0.3203,0.0,0.0,0.1596,0.0,0.0,0.026,0.0,0.1535,0.0,0.0,0.0,0.0,0.0,0.0,0.0,0.0,0.2341,0.0,0.0,0.0378,0.1092,0.4144,0.0,0.0,0.0,49.8129,129.5835,9.479,0.0314,0.0305,1.7025,0.4656,37.4258,7.6926,34.0998,0.6986,41.0247,22.2802,df_numeric
C3L-01039-03,0.0,0.0,0.0,0.0,0.0,0.065,0.0,0.1299,0.1295,0.0,0.0,0.0211,0.0,0.0,0.0,0.0,0.0,0.0,0.0,0.0,0.0,0.0,0.038,0.0,0.0,0.0,0.0222,0.056,0.0,0.0565,0.0,103.0127,152.4722,7.9098,0.0,0.0742,2.3079,0.2968,46.9891,10.1917,26.0104,1.6437,85.5762,24.8529,df_numeric
C3L-01039-03-2,0.0,0.0,0.0,0.0,0.0,0.0,0.0,0.0,0.1477,0.0,0.0,0.0,0.0,0.0,0.0,0.0,0.0,0.0532,0.0,0.0,0.0,0.0,0.0722,0.0,0.0,0.0,0.0842,0.1065,0.0,0.0,0.0,60.9845,117.0133,7.3425,0.0242,0.0235,3.5534,1.282,41.8441,8.9741,24.3911,1.481,65.7946,21.1125,df_numeric
C3L-01039-03-3,0.092,0.0,0.0,0.0,0.0255,0.2506,0.0,0.0,0.1665,0.0,0.0,0.0,0.0,0.0,0.0,0.0,0.0,0.0,0.0,0.0,0.0,0.0,0.0977,0.0,0.0,0.0,0.0854,0.2883,0.0,0.0,0.0,59.7717,117.7373,7.4877,0.0,0.0636,2.7727,0.6593,32.6167,6.7561,25.8496,1.1115,62.3395,16.2265,df_numeric
C3L-01051-02,0.0,0.0,0.0,0.0,0.0,0.2152,0.0,0.0,0.0572,0.0,0.0,0.0466,0.0,0.0,0.0,0.0,0.0,0.0,0.0,0.0,0.0,0.0,0.3356,0.0,0.0,0.0,0.0489,0.1857,0.1248,0.0624,0.0,58.0987,133.5397,8.2519,0.0141,0.041,1.5255,0.5364,47.5599,7.5638,25.7199,0.6416,75.1818,20.5663,df_numeric
C3L-01052-02,0.0,0.0,0.0,0.0,0.0174,0.0569,0.0,0.0,0.0681,0.0,0.0,0.0,0.0,0.0,0.0,0.0,0.0,0.0,0.0,0.0,0.0,0.0,0.7322,0.0,0.0,0.0,0.0388,0.0491,0.0,0.0,0.0,38.8976,130.197,15.0018,0.0,0.0217,2.2729,0.7565,30.514,6.6554,41.6301,0.7821,44.8661,24.3626,df_numeric
C3L-01053-01,0.0,0.0,0.0,0.0,0.0,0.094,0.0238,0.0,0.1687,0.0,0.0,0.0305,0.0128,0.0,0.0,0.0,0.0,0.0,0.0,0.0,0.0,0.0,0.1099,0.0,0.0,0.0,0.016,0.0405,0.0,0.0409,0.0,36.349,89.4479,8.8283,0.0,0.0,1.1823,0.5662,19.4197,5.0106,25.7686,0.3896,36.8864,18.0745,df_numeric
C3L-01054-04,0.026,0.0,0.0,0.0,0.0,0.0,0.0,0.0473,0.0189,0.0,0.0,0.0307,0.0,0.0227,0.0,0.0,0.0,0.0,0.1832,0.0,0.0,0.0,0.0277,0.0,0.0,0.0,0.0161,0.2448,0.0,0.0,0.0,33.7124,93.9846,6.1442,0.0093,0.0,1.3492,0.4716,32.7731,6.075,28.6868,0.4127,47.3252,18.9611,df_numeric
C3L-01124-01,0.0,0.0,0.0,0.0,0.0293,0.3827,0.0,0.0,0.0763,0.0,0.0,0.0,0.0,0.0917,0.0,0.0,0.0,0.0,0.0,0.0,0.0462,0.0454,0.1119,0.0,0.0,0.0,0.1305,0.1651,0.0,0.6658,0.0,54.0681,147.8337,8.1732,0.0,0.0182,1.8359,1.3512,43.4506,10.8145,41.5616,0.6261,67.0664,29.4613,df_numeric
C3L-01158-01,0.0,0.0,0.0,0.0,0.0,0.0695,0.0,0.0,0.1386,0.0361,0.0,0.0,0.0,0.0,0.0,0.0,0.0,0.0,0.0,0.0,0.0335,0.0,0.1626,0.0,0.0,0.0,0.0474,0.0,0.0,0.0605,0.0,45.2245,88.5737,6.4641,0.0136,0.0265,1.0093,0.3753,38.379,7.0166,17.7794,1.5161,67.8666,17.2802,df_numeric
C3L-01160-01,0.0,0.0,0.0,0.0,0.0,0.0,0.0,0.0876,0.0,0.0,0.0,0.0285,0.0,0.0,0.0418,0.2053,0.0,0.0,0.0,0.0,0.0,0.0,15.9233,0.0,0.0,0.0,0.0,0.1511,0.0,0.1523,0.0,83.8968,134.194,8.0814,0.0343,0.0333,1.4758,0.2909,37.4839,7.9686,19.3035,1.4132,67.4468,16.5747,df_numeric
C3L-01328-01,0.0,0.0,0.0,0.0,0.0,0.1251,0.0,0.0,0.1247,0.0,0.0,0.0813,0.0,0.0,0.0,0.0367,0.0,0.0,0.0,0.0,0.0,0.0,0.1097,0.0,0.0,0.0,0.0,0.1079,0.0,0.0,0.0,38.6172,111.2622,3.361,0.0,0.0119,0.5353,0.2079,30.663,7.2907,20.4227,0.5185,46.2477,17.7795,df_numeric
C3L-01453-03,0.4626,0.0,0.0,0.0496,0.0,0.9336,0.0944,0.0,0.1489,0.0485,0.7782,0.6674,0.0761,0.0895,0.0,0.0,0.0,0.0,0.0,0.0,0.0,0.0,0.0546,0.0,0.0,0.441,0.1273,0.0805,0.0,0.406,0.0,66.6904,136.3483,8.3934,0.0183,0.0,1.7912,1.0857,57.438,10.7152,42.1382,0.8145,84.3666,35.3885,df_numeric
C3L-01598-02,0.0368,0.0,0.0,0.0355,0.4496,0.0668,0.0,0.0,0.0,0.0347,0.0,0.0217,0.0,0.0,0.0,0.0,0.0,0.0,0.0,0.0646,0.0,0.0,0.0391,0.0,0.0,0.0,0.0,0.0,0.0581,0.1163,0.0,78.5061,130.896,6.0003,0.0262,0.0255,1.4905,0.583,37.1282,6.2132,34.1504,0.4228,76.0097,27.9482,df_numeric
C3L-01637-02,0.0264,0.0,0.0,0.0,0.0146,0.1437,0.0,0.0,0.0573,0.0,0.0235,0.0467,0.0,0.0689,0.0,0.1404,0.0,0.0,0.0,0.0,0.0,0.0,0.2241,0.0,0.0,0.0,0.0,0.3719,0.0,0.0,0.0,33.5851,88.2163,5.1337,0.0,0.0091,0.6832,0.5571,32.6852,4.5184,22.0625,0.2508,52.464,15.1294,df_numeric
C3L-01662-03,0.0,0.0,0.0,0.0,0.0,0.0667,0.0,0.0,0.2394,0.0,0.0,0.0434,0.0,0.0,0.0,0.0391,0.0,0.0,0.9822,0.0,0.0,0.0,0.1171,0.0,0.0,0.0,0.0,0.1151,0.0,0.0,0.0,41.6819,126.6864,4.8111,0.0,0.0254,1.2977,0.3049,38.0649,4.5125,27.1968,0.1601,42.6578,15.93,df_numeric
C3L-01687-03,0.0,0.0,0.0,0.0,0.0,0.0886,0.0,0.0,0.1765,0.0,0.0,0.0288,0.0,0.0,0.0,0.0,0.0,0.0,0.0,0.0,0.0,0.0,0.0518,0.0,0.0,0.0,0.0604,0.2292,0.0,0.0,0.0,53.3526,182.095,10.5474,0.0173,0.0,1.7684,0.8093,57.1442,10.287,45.7157,0.5409,57.7809,34.8012,df_numeric
C3L-01689-03,0.2365,0.0,0.0,0.0,0.4202,0.5154,0.0,0.0,0.1027,0.0,0.0,0.0279,0.0,0.0,0.0,0.0,0.0,0.0,0.0,0.0,0.0,0.0,0.0,0.0893,0.0,0.0,0.0,0.0,0.0,0.0,0.0,112.819,238.6172,12.4816,0.0,0.0654,1.3363,0.2854,61.0302,7.8503,38.5464,0.6557,90.4407,27.3816,df_numeric
C3L-01703-02,0.0,0.0,0.0,0.0,0.0,0.0863,0.0,0.0,0.0688,0.0,0.0,0.0561,0.0,0.0414,0.0,0.0506,0.0,0.0,0.0,0.0,0.0,0.0,0.0,0.0,0.0,0.0815,0.0883,0.1489,0.0,0.0,0.0,54.8018,161.9718,10.4595,0.0169,0.0,2.3946,1.183,41.0581,9.6878,51.7746,0.8848,56.5122,38.7749,df_numeric
C3L-01971-02,0.0497,0.0,0.0,0.5757,0.0,0.0,0.8218,0.0,0.072,0.0,0.0,0.0,0.0,0.6926,0.0,0.0529,0.0,0.0,0.0,0.1309,0.0,0.0,0.1056,0.0,0.4197,0.3839,1.8778,0.6231,0.0,0.0,0.0,62.5517,178.1203,10.4612,0.0177,0.0344,2.3412,0.525,55.3547,11.8595,45.8364,0.6696,75.477,33.7373,df_numeric
C3L-02109-02,0.0,0.0,0.0,0.0,0.0,0.3371,0.0,0.0,0.0896,0.0,0.0,0.1096,0.0,0.0,0.0,0.0,0.0,0.0,0.0871,0.0,0.0,0.0,0.0657,0.0584,0.0,0.0,0.0766,0.1939,0.0,0.0,0.0,76.9911,180.5065,9.978,0.0,0.0214,3.6133,0.7935,61.8013,9.2418,54.3293,1.9364,87.0326,32.7148,df_numeric
C3L-02112-02,0.0,0.0,0.0,0.0,0.0199,0.0,0.0,0.0,0.2074,0.0,0.0,0.0211,0.0,0.0,0.0,0.0,0.0,0.0,0.0,0.0,0.0,0.0,0.076,0.0,0.0,0.0,0.0665,0.1122,0.0,0.0,0.0,64.3657,190.8223,11.0897,0.0,0.0,2.6131,1.1342,44.9734,9.0213,50.7854,0.9218,60.2673,29.9817,df_numeric
C3L-02115-02,0.0,0.0,0.0,0.0,0.0,0.0444,0.0,0.0,0.0,0.0,0.0,0.0,0.0241,0.0,0.0,0.0,0.0,0.0191,0.0,0.0,0.0,0.0,0.2078,0.0,0.0,0.0,0.0606,0.0,0.0,0.0,0.0,32.4874,103.4392,8.7217,0.0,0.0,1.9693,0.5719,24.5476,4.9075,28.0961,0.6394,49.1071,18.461,df_numeric
C3L-02116-03,0.0,0.0,0.0,0.0,0.0,0.448,0.0,0.0,0.1021,0.0,0.0,0.0832,0.0174,0.0614,0.0,0.0,0.0,0.0,0.0496,0.0,0.0,0.0,0.0374,0.0,0.0,0.0302,0.0,0.3865,0.0,0.2227,0.0,33.6413,88.156,5.5212,0.0,0.0,2.0911,0.319,35.1978,9.629,29.1419,0.2652,60.3776,21.4159,df_numeric
C3L-02118-01,0.0384,0.0,0.0,0.0,0.0,0.1395,0.0,0.0,0.0278,0.0,0.0,0.0,0.0,0.0,0.0,0.0,0.0,0.0,0.0,0.0,0.0,0.0,0.1223,0.0,0.0,0.0329,0.0238,0.1203,0.0,0.0,0.0,56.4072,144.3564,7.0624,0.0137,0.0,1.8625,0.2607,49.9751,9.4722,42.3815,0.4867,102.1868,22.5413,df_numeric
C3L-02463-02,0.0,0.0,0.0,0.0,0.0,0.1704,0.0,0.0,0.3736,0.0,0.0,0.0277,0.0,0.0,0.0,0.0499,0.0,0.0,0.066,0.0,0.0,0.0,0.0,0.0,0.0,0.0,0.029,0.3675,0.0,0.0,0.0,46.512,134.1888,5.4489,0.0,0.0162,0.994,0.4246,58.8322,8.1015,27.475,0.4274,87.9673,19.1576,df_numeric
C3L-02604-01,0.0,0.0,0.0,0.0,0.0,0.0856,0.0,0.0,0.1366,0.0,0.0,0.0,0.0233,0.0,0.0,0.0,0.0,0.0369,0.0663,0.0,0.0,0.0,0.2003,0.0,0.0,0.0,0.0876,0.0,0.0,0.149,0.0,89.7698,168.9126,6.4745,0.0,0.0,0.9104,0.1779,65.4019,9.9799,23.6418,0.4856,133.2067,12.0206,df_numeric
C3L-02606-02,0.1007,0.0,0.0,4.5198,5.0341,0.4574,4.5789,0.0,0.474,0.0,0.0,1.932,4.5731,1.4471,0.0,0.4826,0.0,0.0,0.0,0.0,0.0,0.0,1.7651,0.0,0.0,0.6482,0.0,2.0516,0.0796,0.3978,0.0,102.6182,231.5652,10.9826,0.0179,0.0348,1.1622,0.4939,52.9364,8.8235,38.5359,0.9975,126.8895,29.0238,df_numeric
C3L-02610-03,0.0,0.0,0.0,0.0,0.0,0.162,0.0,0.0,0.1937,0.0,0.0,0.0263,0.0,0.0,0.0,0.0,0.0,0.0349,0.0,0.0,0.0,0.0,0.0,0.0,0.0,0.0,0.0276,0.0,0.0,0.0,0.0,47.1528,172.8995,8.6229,0.0,0.0,1.3231,0.5046,47.5472,7.2291,32.4274,0.477,78.0717,25.4599,df_numeric
C3L-02613-02,0.0416,0.0,0.0,0.0,0.0,0.0,0.0,0.0,0.0,0.0392,0.0,0.0491,0.0,0.0362,0.0,0.0,0.0,0.0,0.0,0.0,0.0,0.0358,0.0,0.0,0.0,0.1071,0.1288,0.0,0.1314,0.1314,0.0,48.1251,118.8098,2.4267,0.0,0.0,1.861,0.0,164.8913,8.5686,35.3872,0.1483,127.1503,7.1319,df_numeric
C3L-02701-02,0.0,0.0311,0.0,0.0,0.0,0.0,0.0,0.0,0.1794,0.0,0.0,0.0975,0.0,0.0,0.0,0.0,0.0,0.0,0.0581,0.0,0.0,0.0,0.0439,0.0,0.0498,0.0354,0.1279,0.1294,0.0,0.1957,0.0,68.2315,186.3489,11.8686,0.0147,0.0143,1.4393,0.7478,41.7089,12.3231,53.3416,1.1453,64.8056,36.8892,df_numeric
C3L-02809-04,0.0633,0.0,0.0,0.0,0.0352,0.5749,0.0,0.0,0.0458,0.0,0.0,0.1495,0.0,0.0,0.0,0.0,0.0,0.0,0.0,0.0,0.0,0.0,0.2017,0.0,0.0,0.0,0.0392,0.2976,0.0,0.0,0.0,81.8382,201.6213,10.79,0.0,0.0219,1.8784,1.385,50.1158,10.1507,45.9604,1.254,76.0447,28.5858,df_numeric
C3L-02888-02,0.0,0.0,0.0,0.0,0.0,0.583,0.0,0.0,0.0581,0.0,0.0,0.0,0.0,0.0,0.0,0.0,0.0,0.0,0.0,0.0,0.0,0.0,0.8096,0.0,0.0,0.0,0.0,0.1886,0.7606,0.2535,0.0,26.5078,95.9802,4.0271,0.0143,0.0,1.5682,0.3632,38.5794,6.7735,24.3114,0.747,53.8024,20.2762,df_numeric
C3L-02888-02-2,0.0,0.0,0.0,0.0,0.0,0.1865,0.0,0.0,0.0929,0.0,0.0,0.0455,0.0,0.0,0.0,0.0,0.0,0.0,0.0,0.0,0.0,0.0,0.4635,0.0,0.0,0.022,0.0,0.0804,0.4056,0.6084,0.0,26.5388,98.013,2.8843,0.0,0.0266,0.665,0.368,29.4638,6.1425,27.2393,0.3458,48.1885,19.1507,df_numeric
C3L-02890-02,0.0,0.0,0.0301,0.0,0.0,0.0773,0.0,0.0,0.0617,0.0,0.0,0.0,0.0,0.1112,0.0,12.6468,0.0948,0.0,0.0,0.0,0.0,0.0,8.0485,0.0,0.0,0.0,0.2373,0.2001,0.0,0.0673,0.0,54.0057,143.1624,13.6012,0.0454,0.0147,2.0251,1.2205,43.5519,10.4729,48.7647,1.3493,70.3398,28.8928,df_numeric
C3L-02897-01,0.0453,0.0,0.0,0.0,0.0251,0.2467,0.0,0.0,0.0984,0.0,0.0,0.0802,0.0,0.0,0.0,0.0,0.0,0.0,0.0637,0.0,0.0397,0.0,0.1924,0.0,0.0,0.0,0.028,0.2838,0.0,0.0,0.0,79.0431,220.331,12.239,0.0161,0.0157,1.6633,1.1614,61.6673,12.9493,54.5527,0.6996,73.3512,33.5329,df_numeric
C3L-02899-01,0.0,0.0,0.0,0.0,0.0,0.0889,0.0,0.0,0.248,0.0,0.0,0.0866,0.0,0.0,0.0,0.0,0.0,0.0,0.0,0.0,0.0,0.0,0.3118,0.0,0.0,0.0,0.0606,0.6134,0.0,0.0,0.0,59.5831,171.1551,16.1447,0.0522,0.0169,1.5211,1.0706,41.938,11.5529,46.7483,0.9693,57.692,35.0991,df_numeric
C3L-02956-01,0.0,0.0,0.0,0.0,0.0,0.0,0.0,0.0,0.0,0.0,0.0,0.0,0.0,0.0,0.0,0.0,0.0,0.0,0.0,0.0677,0.0,0.0,0.0,0.0,0.0465,0.1654,0.0955,0.8455,0.0,0.0,0.0,73.1107,156.8384,11.5381,0.0411,0.0,2.5051,1.0759,34.9711,6.4257,29.9059,2.1072,59.9451,39.9291,df_numeric
C3L-02956-01-2,0.0,0.0,0.0,0.0,0.0,0.0,0.0,0.0,0.0354,0.0,0.0,0.0289,0.0,0.1279,0.0,0.0,0.0,0.0,0.0,0.0,0.0,0.0,0.052,0.0,0.0197,0.042,0.0909,0.5369,0.0,0.0,0.2219,104.9696,220.6731,11.0119,0.0174,0.0508,2.3746,1.551,39.145,7.7969,37.2829,2.5404,69.6537,36.0334,df_numeric
C3L-03123-02,0.6889,0.0943,0.0,48.0458,13.5287,0.0,35.1995,0.0,0.4081,0.2953,0.1673,0.1848,0.0618,19.4127,0.0,0.0,0.0,0.0,0.0,0.0,0.0,0.0,0.0,0.0,0.0252,0.1075,0.0388,20.5079,2.6714,2.1767,0.2838,46.2784,95.3548,4.7545,0.0,0.0217,1.6812,0.0,39.1817,9.1103,25.2996,0.4218,93.1166,12.4804,df_numeric
C3L-03348-03,0.0,0.0,0.0,0.0,0.0,0.0734,0.0,0.0,0.0878,0.0,2.4487,0.0477,0.0,0.0,0.0,0.0,0.0,0.0316,0.0,0.0,0.0,0.0,0.0859,0.0,0.0,0.0,0.0,0.1267,0.0,0.0,0.0,51.4251,162.4462,11.3921,0.0575,0.028,3.1037,1.8911,51.0792,8.8295,60.7216,1.6177,94.8165,37.7822,df_numeric
C3L-03348-03-2,0.0,0.0,0.0,0.0,0.0,0.229,0.0,0.0,0.0456,0.0,3.3684,0.0,0.0,0.0,0.0,0.0,0.0,0.0,0.0,0.0,0.0,0.0,0.0,0.0,0.0,0.0,0.0,0.0988,0.0,0.0,0.0,54.7031,173.8065,14.0668,0.0673,0.0654,3.77,1.5216,57.3149,9.2363,57.368,1.9477,108.2716,50.1885,df_numeric
C3L-03356-02,0.0,0.0,0.0,0.0,0.0,0.1004,0.0,0.1004,0.4003,0.0,0.0492,0.0653,0.0,0.0,0.0,0.0,0.0,0.0,0.0,0.0,0.0,0.0,0.0,0.0,0.0,0.0,0.0685,0.5198,0.0,0.0,0.0,48.1745,137.5804,9.1983,0.0,0.0191,2.1613,1.1262,62.5678,11.3116,43.9508,0.6133,74.7857,28.0433,df_numeric
C3L-03388-02,0.0,0.0,0.0,0.0,0.0,0.0,0.0,0.0,0.1147,0.0,0.0,0.0,0.0,0.0,0.0,0.0,0.0,0.0,0.0,0.0,0.0,0.0,0.0,0.0,0.0,0.0,0.0,0.331,0.0,0.0,0.0,81.7304,207.798,8.7062,0.0188,0.0913,1.7662,0.7571,64.286,9.0858,38.4082,0.544,95.4933,25.6513,df_numeric
C3L-03394-03,0.0,0.0,0.0,0.0,0.0,0.0,0.0,0.0,0.102,0.0,0.0,0.0416,0.0,0.0,0.0,0.0,0.0,0.0,0.0,0.0,0.0,0.0,0.0,0.0,0.0,0.0,0.3052,0.1103,0.0,0.0,0.0,48.3612,131.0227,11.4436,0.0751,0.1705,4.41,1.2747,37.0381,10.5909,45.4243,1.4782,47.2505,38.3002,df_numeric
C3L-03395-02,0.0,0.0,0.0,0.0,0.0,0.2107,0.0,0.0,0.14,0.0,0.0,0.0456,0.0,0.0,0.0,0.0,0.0,0.0,0.1632,0.0,0.0339,0.0,0.1643,0.0,0.0,0.0,0.0,0.1212,0.0,0.0,0.0,56.7621,174.4437,15.7515,0.0,0.0134,2.6223,0.9334,37.4935,8.8412,47.2756,0.7199,49.0732,31.17,df_numeric
C3L-03622-02,0.0,0.0,0.0,0.0,0.0,0.0758,0.0,0.0,0.0604,0.0,0.0,0.0,0.0,0.0363,0.0,0.0,0.0,0.0,0.2936,0.0,0.0,0.0,0.0,0.0,0.0,0.0,0.0,0.2616,0.0,0.0,0.0,54.4244,142.7392,7.4426,0.0148,0.0144,1.7296,0.4093,25.733,8.7153,40.3146,1.1408,52.6507,28.51,df_numeric
C3L-03628-02,0.0,0.0,0.0,0.0,0.0,0.5667,0.0,0.0,0.1506,0.0,0.0,0.0,0.0,0.0,0.0,0.0,0.0,0.0,0.0,0.0,0.0,0.0448,0.2762,0.0491,0.0,0.0446,0.0322,0.0815,0.0822,0.0,0.0,57.3697,166.1026,12.1754,0.0,0.018,2.1552,0.4315,41.2192,8.6326,45.7861,0.721,56.246,25.442,df_numeric
C3L-03629-02,0.0,0.0,0.0,0.0,0.0,0.3451,0.0,0.0,0.0917,0.0,0.0,0.0,0.0,0.0,0.0,0.0,0.0,0.0,0.0,0.0,0.0,0.0,0.2018,0.0,0.0,0.0,0.0,0.1984,0.0,0.0,0.0,37.1723,130.9868,6.8079,0.0,0.0219,2.8332,1.3854,54.3321,7.4636,37.7705,0.9783,85.3229,40.4733,df_numeric
C3L-03629-02-2,0.0,0.0,0.0,0.0,0.0,0.0,0.0,0.0,0.3342,0.0,0.0,0.0,0.0,0.0502,0.0,0.0,0.0,0.0,0.0,0.0,0.0,0.0,0.0,0.0,0.0,0.0,0.0,0.0,0.0,0.0911,0.0,33.9784,127.8457,6.3489,0.0,0.02,2.0648,1.175,51.8748,8.3715,36.7389,1.0969,56.2044,33.5564,df_numeric
C3L-03630-03,0.0,0.0,0.0,0.0,0.0,0.0,0.0,0.0,0.0998,0.0,0.0,0.0,0.0,0.0,0.0,0.0,0.0,0.0,0.0,0.0,0.0,0.0,0.244,0.0,0.0,0.0,0.0285,0.216,0.0726,0.0,0.0,46.1755,154.2299,6.9177,0.0163,0.0159,1.017,0.4506,41.6854,9.4157,31.1714,0.4004,56.028,19.2609,df_numeric
C3L-03632-03,0.0,0.0,0.0,0.0,0.0,0.0,0.0,0.0,0.1007,0.0,0.0,0.0,0.0229,0.0404,0.0,0.0,0.0,0.0,0.0,0.0,0.0,0.0,0.0985,0.0,0.0,0.0,0.0574,0.0727,0.0733,0.0733,0.0,41.861,134.818,9.7125,0.0,0.0,1.9003,1.1196,41.613,9.554,37.5829,1.0289,61.7176,24.3141,df_numeric
C3L-03635-01,0.0457,0.0,0.0,0.0,0.0,0.2492,0.0,0.0,0.3642,0.0,0.0,0.2969,0.0,0.0,0.0,0.0,0.0,0.0,0.0,0.0,0.0,0.0,0.0,0.0,0.0,0.0,0.0283,0.0716,0.0,0.0,0.0,59.5766,164.2571,8.6551,0.0,0.0,2.1965,0.8624,45.3031,8.9984,44.2783,1.3404,87.5001,34.0273,df_numeric
C3L-03639-03,0.0,0.0,0.0,2.5762,0.0,0.0,1.6199,0.0,0.6903,0.0,0.0,0.0,0.0,0.3736,0.0,0.0,0.0354,0.0,0.0,0.0418,0.0,0.0,0.1519,0.0,0.0,0.0409,0.4133,1.1951,0.0,0.2259,0.0,31.2123,118.8406,2.9147,0.0,0.0,0.2919,0.0,28.9143,5.0957,14.6136,0.0755,98.8394,8.4303,df_numeric
C3L-03743-01,0.0,0.0,0.0,3.5653,0.0,0.0,0.0838,0.0,0.0991,0.0,0.0406,0.0,0.0,0.0397,0.0,0.0971,0.0,0.0,0.0,0.0,0.0,0.0,0.0,0.0,0.0,0.0,0.0,0.0,0.0,0.0,0.0,60.1561,169.2871,10.0979,0.0,0.0,1.74,1.0323,47.3475,9.073,44.1147,1.1022,87.1388,31.3637,df_numeric
C3L-04027-01,0.0,0.0,0.0,0.0,0.0503,0.1644,0.0,0.0,0.0983,0.0,0.0,0.0,0.0,0.0,0.0,0.0,0.0,0.0,0.0,0.0,0.0,0.0,0.9135,0.0,0.0,0.0,0.0561,0.2837,0.143,0.0,0.0,82.4118,190.8814,9.8949,0.0,0.0157,1.9827,0.444,39.8874,9.5494,48.139,0.9863,62.919,30.9242,df_numeric
C3L-04072-01,0.0,0.0,0.0,0.0,0.0,0.6088,0.0,0.0,0.0,0.0,0.0,0.4946,0.0,0.0,0.0,0.0,0.0,0.0,0.0,0.0,0.0,0.0,0.089,0.0,0.0,0.0,0.0,0.0,0.0,0.1324,0.0,29.8048,79.3107,3.3943,0.0298,0.0869,0.2368,0.0,67.3457,7.9784,12.5451,0.3652,86.0372,7.8231,df_numeric
C3L-04080-02,0.0,0.0,0.0,0.0,0.0,0.0,0.0,0.0,0.0,0.0,0.0,0.0,0.0,0.0361,0.0,0.0882,0.0,0.0,0.0,0.0,0.0363,0.0713,0.0,0.0,0.0,0.0,0.0,0.1298,0.0,0.0,0.0,52.4916,127.8796,8.3972,0.0,0.0143,1.4821,0.3436,43.4424,8.8231,40.1969,0.9186,53.836,20.2585,df_numeric
C3L-04473-01,0.0,0.0,0.0,0.0,0.0,0.0,0.0,0.0,0.0636,0.0,0.0,0.0,0.0,0.0,0.0,0.0,0.0,0.0,0.0,0.0,0.0,0.0,0.0,0.0,0.053,0.0,0.0544,0.0688,0.0,0.0,0.0,41.1641,134.414,9.5522,0.0,0.0304,1.9436,0.5299,45.1778,10.2408,50.2363,0.4348,45.8115,26.6427,df_numeric
C3L-04475-01,0.0,0.0,0.0,0.0,0.0,0.7952,0.0,0.0,0.0396,0.0,0.0,0.0323,0.0,0.0,0.0,0.0,0.0,0.0,0.0,0.0,0.0,0.0,0.0,0.0,0.0,0.0,0.0678,0.1715,0.0,0.0,0.0,69.2794,177.882,8.6719,0.0,0.0379,2.6031,1.156,66.496,11.5444,57.5458,0.607,64.5391,35.4197,df_numeric
C3L-04479-02,0.0,0.0,0.0,0.0,0.0,0.0,0.0,0.0,0.1407,0.0,0.0,0.086,0.0719,0.0,0.0,0.0,0.0,0.0,0.0,0.0,0.0,0.0,0.0516,0.0,0.0,0.0,0.0,0.0,0.0,0.0,0.0,72.0152,196.7679,11.4249,0.0,0.0168,1.5102,0.5865,46.3792,9.0285,53.169,0.7507,59.1915,27.3904,df_numeric
C3L-04495-03,0.0683,0.0,0.0,0.0,0.0,0.1241,0.0,0.0,0.1979,0.0,0.0,0.0807,0.0337,0.0,0.0,0.0,0.0,0.0,0.0,0.0,0.0,0.0,0.0,0.0,0.0,0.0,0.0846,0.2141,0.0,0.0,0.0,62.3205,198.1664,13.8927,0.0243,0.0473,2.5747,1.495,51.4152,10.6424,51.8839,0.8121,57.7547,26.7459,df_numeric
C3L-04848-03,0.0,0.0,0.0,0.0,0.0,0.0,0.0,0.0,0.1495,0.0,0.0,0.0305,0.0,0.0449,0.0,0.0,0.0,0.0,0.0,0.0,0.0452,0.0,0.0,0.0,0.0,0.0,0.0639,0.3235,0.0,0.0,0.0,35.6144,107.8732,6.5877,0.1102,0.0536,1.0695,0.8177,35.5624,8.714,36.7341,0.8792,43.8674,24.7413,df_numeric
C3L-04853-01,0.0449,0.0,0.0,0.0433,0.0,0.0816,0.0,0.0,0.0,0.0,0.0,0.0,0.0,0.0,0.0,0.0,0.0,0.0,0.1896,0.0,0.0,0.0387,0.0954,0.0,0.0,0.0,0.0,0.0704,0.0,0.071,0.0,51.6225,149.8396,8.7769,0.016,0.0155,1.6077,0.305,54.6233,9.5072,33.9964,0.8541,74.175,26.3701,df_numeric
C3N-00198-02,0.0869,0.0,0.0,0.0,0.0,0.0,0.0,0.0,0.4091,0.0,0.0,0.0,2.1876,0.0,0.0,0.1388,0.0,0.0,0.0,0.0,0.0,0.0,0.0,0.0,0.0,0.0,0.0807,0.1362,0.0,0.0,0.0,86.6722,169.7071,9.8204,0.1082,0.1052,3.3566,1.0163,45.7238,10.5519,31.4463,3.0644,81.8501,28.0492,df_numeric
C3N-00249-03,0.0377,0.0,0.0,0.0,0.0,0.0,0.0,0.0,0.0546,0.0,0.0,0.0223,0.0,0.0,0.0,0.0,0.0,0.0,0.0,0.0,0.0,0.0,0.0401,0.0,0.0,0.0,0.1402,0.1182,0.0,0.0,0.0,60.6579,106.8051,2.9504,0.0403,0.0261,1.4568,0.4838,36.3508,7.1033,26.6691,0.3736,73.8519,16.7285,df_numeric
C3N-00302-02,0.0,0.0,0.0,0.0526,0.0,0.0,0.0,0.0,0.434,0.0,0.0971,0.0322,0.0,0.0,0.0,0.0,0.0,0.0,0.0,0.0,0.0,0.0,0.0579,0.0,0.0,0.0,0.2025,0.0,0.0,0.0,0.0,58.7851,134.6174,6.4002,0.0194,0.1319,4.286,0.5756,76.1931,6.5967,21.8209,1.3169,79.772,19.0786,df_numeric
C3N-00303-01,0.4509,0.0,0.0,0.0,0.0,0.0,0.092,0.0,0.2176,0.0,0.0,0.0,0.0,0.0436,0.0,2.7202,0.0,0.0,0.0,0.0,0.0,0.0,0.1064,0.0,0.0,0.2149,0.031,0.0,0.1583,0.0,0.0,33.5122,115.7098,8.3593,0.0,0.0,3.7512,0.6047,31.594,13.3338,36.7252,0.6747,84.2191,20.2363,df_numeric
C3N-00436-01,0.0,0.0,0.0,0.0,0.0,0.0665,0.0,0.0665,0.1061,0.0,0.0,0.1297,0.0,0.0,0.0,0.0,0.0,0.0,0.0,0.0,0.0,0.0,0.0778,0.0,0.0147,0.0,0.0908,0.0,0.0,0.0,0.0,58.7482,177.5232,8.1488,0.0261,0.0127,1.3632,0.6634,59.1879,12.2032,51.8055,0.6386,64.8728,37.9226,df_numeric
C3N-00511-03,0.0,0.0,0.0,0.0,0.0,0.1803,0.0,0.0,0.1437,0.0,0.0,0.0586,0.0,0.0,0.0,0.0,0.0,0.0,0.1397,0.0,0.0,0.0,0.1054,0.0,0.0,0.0,0.0,0.0,0.0,0.0,0.0,42.9873,132.4658,4.5265,0.0,0.0,1.192,0.3744,50.3702,6.5522,19.4598,0.1769,83.7717,18.4444,df_numeric
C3N-00512-01,0.0,0.0,0.0,0.0,0.0,0.177,0.0,0.0,0.047,0.0,0.0,0.0,0.0,0.0,0.0,0.0346,0.0,0.0,0.0,0.0,0.0,0.0,0.0345,0.0,0.0,0.0279,0.0603,0.0,0.0,0.0,0.0,35.5127,97.8012,8.0171,0.0,0.0112,1.8201,0.637,29.2037,6.414,27.5512,0.386,48.6617,24.1386,df_numeric
C3N-00513-03,0.0,0.0,0.0,0.0,0.0,0.0751,0.0,0.0,0.0,0.0,0.0,0.0244,0.0,0.0,0.0,0.0,0.0,0.0,0.1164,0.0,0.0,0.0,0.4832,0.0,0.0,0.0,0.0,0.1296,0.0,0.0,0.0,38.9552,194.6503,10.3052,0.0294,0.0143,1.4609,0.7801,42.5182,8.7104,43.5903,0.5735,62.5166,35.5318,df_numeric
C3N-00514-01,0.0,0.0,0.0,0.0,0.0,0.2771,0.0,0.0,0.1105,0.0,0.0,0.0901,0.0,0.0332,0.0,0.0406,0.0,0.0,0.0,0.0,0.0334,0.0,0.0,0.0,0.0153,0.0,0.0472,0.1195,0.0603,0.0,0.0,56.223,176.0117,10.9908,0.0,0.0132,1.1856,0.6331,46.6557,11.8945,43.6002,0.68,53.1542,32.4609,df_numeric
C3N-00516-02,0.0,0.0,0.0,0.0,0.0,0.084,0.0849,0.0,0.1339,0.0,0.0,0.0,0.0,0.0403,0.0,0.0,0.0,0.0,0.0,0.0,0.0,0.0,0.0,0.0,0.0,0.0,0.0573,0.3623,0.0,0.0,0.0,67.6777,181.5897,12.253,0.0494,0.064,1.6335,0.5582,56.3326,9.4938,41.4314,0.7511,82.489,27.4824,df_numeric
C3N-00517-01,0.0,0.0,0.0,0.0,0.0,0.0,0.0,0.0,0.0205,0.0,0.0,0.0167,0.0,0.0,0.0,0.0,0.0,0.0,0.0,0.0,0.0,0.0,0.4504,0.0,0.0,0.0,0.035,0.1329,0.0,0.0,0.0,32.8771,87.9314,8.3618,0.0,0.0,1.5711,0.8104,27.5265,4.733,22.1698,0.336,38.8559,16.5718,df_numeric
C3N-00518-01,0.0,0.0,0.0,0.0,0.0,0.0792,0.0,0.0,0.1578,0.0,0.0,0.0,0.0,0.0759,0.0,0.0,0.0,0.0,0.0,0.0,0.0,0.0,0.0926,0.0,0.0,0.0,0.1889,0.0,0.0,0.0,0.0,46.1872,168.7416,8.9279,0.0,0.0302,1.9091,0.8221,42.7907,13.8539,43.3477,0.8461,57.1882,42.8053,df_numeric
C3N-00709-01,0.0,0.0,0.0,0.0,0.0,0.2058,0.0,0.0,0.1231,0.0,0.0,0.3678,0.0,0.0,0.0,0.0,0.0,0.0,0.0,0.0,0.0,0.0,0.1204,0.0,0.0,0.0,0.2105,0.0888,0.0,0.0895,0.0,49.3672,149.6829,8.6176,0.0403,0.0392,2.6684,0.6412,40.4079,7.6208,26.4578,1.6386,90.1905,19.9891,df_numeric
C3N-00957-01,0.0,0.0,0.0,0.0,0.0,0.0,0.0,0.0,0.0339,0.0,0.0,0.0,0.0,0.0,0.0,0.0,0.0,0.0,0.0,0.0,0.0,0.0,0.0,0.0,0.0,0.0,0.058,0.0,0.0739,0.0,0.0,81.14,164.3397,8.9765,0.0333,0.1133,1.8511,0.4942,47.6792,8.5461,35.0825,0.6673,61.1896,29.9496,df_numeric
C3N-01011-02,0.0,0.0,0.0,0.0,0.0,0.0,0.0,0.0,0.0777,0.0,0.0,0.0422,0.0,0.0,0.0,0.0381,0.0,0.0,0.0,0.0,0.0,0.0,0.038,0.0,0.0,0.0,0.1107,0.2801,0.0,0.0,0.0,46.8062,138.0129,14.7279,0.0,0.0,1.2628,0.7282,39.4857,7.3901,43.3291,0.7506,43.6831,30.2643,df_numeric
C3N-01012-02,0.0,0.0,0.0,0.0,0.0146,0.0478,0.0,0.0,0.0572,0.0,0.0,0.0932,0.0,0.0,0.0,0.0,0.0,0.0,0.0,0.0,0.0,0.0,0.0839,0.0,0.0,0.0,0.0163,0.0413,0.0,0.0,0.0,37.4743,132.8648,7.5729,0.0187,0.0091,1.3392,0.576,40.4404,7.9492,33.1294,0.4798,54.0771,17.9154,df_numeric
C3N-01165-03,0.0387,0.0,0.0,0.0,0.1503,0.1405,0.0,0.0,0.112,0.0,0.0,0.0,0.0,0.0673,0.0,0.0,0.0,0.0605,0.0,0.0,0.0339,0.0,0.0,0.0365,0.0,0.0,0.0239,0.2423,0.0,0.3054,0.0,47.4433,129.1028,8.0088,0.0275,0.0134,1.384,0.2917,43.9502,8.4443,36.2035,0.4289,62.1179,29.1223,df_numeric
C3N-01166-02,0.0,0.0,0.0,0.0,0.0,0.0,0.0,0.0,0.0,0.0,0.0,0.0,0.0,0.0649,0.0,0.0,0.0,0.0,0.0524,0.0,0.0,0.0,0.1187,0.0,0.0,0.0,0.0231,0.2919,0.0,0.0589,0.0,35.6786,117.523,6.5217,0.0133,0.0258,2.3164,0.759,37.181,7.0956,31.9217,0.4724,59.9645,27.3283,df_numeric
C3N-01167-01,0.0,0.0,0.0,0.0654,0.0,0.4927,0.0,0.0,0.3682,0.064,0.0906,0.06,0.0,0.0295,0.0,0.0,0.0,0.0,0.1908,0.0,0.0,0.0,0.036,0.0,0.0,0.0,0.126,0.0531,0.1607,0.1071,0.0,81.7334,235.4115,4.1374,0.0362,0.0,1.469,0.9464,50.4051,8.1963,54.9889,0.2418,102.077,21.5484,df_numeric
C3N-01168-02,0.0,0.0,0.0,0.0,0.0,0.069,0.0,0.0,0.0275,0.0,0.0,0.0,0.0,0.0,0.0,0.0,0.0,0.0,0.0,0.0,0.0,0.0,0.3229,0.0,0.0,0.0,0.0,0.2978,0.0,0.06,0.0,59.698,136.2906,5.2771,0.0135,0.0263,1.8258,0.4301,40.9446,5.8115,37.076,0.4366,50.4864,16.138,df_numeric
C3N-01375-02,0.0,0.0,0.0,0.0,0.0,0.0715,0.0,0.0,0.0855,0.0,0.0,0.1162,0.0,0.0,0.0,0.0,0.0,0.0,0.0554,0.0,0.0,0.0,0.0,0.0372,0.0,0.0338,0.0,0.0617,0.0,0.0,0.0,72.1956,192.0677,12.5265,0.0,0.0136,1.5945,0.5643,47.8346,10.2971,51.3593,1.4192,74.8335,41.5589,df_numeric
C3N-01380-01,0.0,0.0,0.0,0.0,0.0,0.0705,0.0,0.0,0.1968,0.0,0.0,0.0,0.0,0.0338,0.0,0.0,0.0,0.0,0.0,0.0,0.0,0.0,0.2062,0.0,0.0,0.0,0.024,0.0,0.0,0.0,0.0,36.9972,143.9817,10.2865,0.0138,0.0134,2.3404,0.8494,45.1048,8.3549,39.072,0.5383,87.762,37.4654,df_numeric
C3N-01381-02,0.0,0.0,0.0,0.0,0.0,0.0772,0.0,0.0,0.2769,0.0,0.0,0.0752,0.0,0.0,0.0,0.0,0.0,0.0332,0.0,0.0,0.0744,0.0,0.1354,0.0,0.0,0.0,0.1316,0.0,0.0,0.0,0.0,48.2995,145.3694,7.7936,0.0,0.0,2.3812,0.8013,49.9178,6.7674,30.1895,0.9426,71.4984,21.4353,df_numeric
C3N-01382-01,0.0,0.0,0.0,0.0,0.0,0.2165,0.0,0.0,0.0575,0.0,0.0,0.0234,0.0,0.0,0.0,0.0,0.0,0.0,0.0,0.0,0.0,0.0,0.2109,0.0,0.0,0.0,0.0492,0.0622,0.0,0.0628,0.0,60.5416,154.6427,11.5169,0.0283,0.0137,1.7586,0.7492,40.8767,7.0021,31.5768,0.7868,52.8622,28.314,df_numeric
C3N-01383-03,0.0,0.0,0.0,0.0,0.0,0.0,0.0,0.1101,0.1317,0.0,0.0,0.0,0.0,0.0,0.0,0.0,0.0,0.0,0.0,0.0,0.0,0.0,0.0,0.0,0.0,0.0,0.0751,0.0,0.0,0.0,0.0,67.516,163.1163,11.478,0.0216,0.021,1.5421,1.1436,39.6458,9.6582,40.2752,0.8167,69.8735,42.2947,df_numeric
C3N-01385-02,0.034,0.0,0.0,0.0,0.0,0.0617,0.0312,0.0617,0.123,0.0,0.0,0.0,0.0,0.0,0.0,0.0,0.0,0.0,0.0,0.0,0.0,0.0,0.1804,0.0,0.0,0.0,0.0631,0.1597,0.0,0.1074,0.077,39.7978,160.5124,13.1586,0.0242,0.0,2.0324,0.6921,33.0178,8.2988,36.0549,0.5385,51.47,23.0608,df_numeric
C3N-01385-02-2,0.0,0.0,0.0,0.0,0.0,0.0,0.0,0.0,0.1076,0.0,0.0,0.0175,0.0,0.0,0.0,0.0,0.0,0.0,0.0,0.0,0.0,0.0,0.5052,0.0,0.0,0.0,0.0368,0.1397,0.0,0.0,0.0,27.3505,102.6536,9.4905,0.0,0.0103,2.5203,0.8074,19.7374,3.6515,25.717,0.5889,35.1923,12.7305,df_numeric
C3N-01385-02-3,0.0,0.0253,0.0,0.0,0.0,0.0,0.0,0.0,0.1946,0.0,0.0,0.0,0.0,0.0293,0.0,0.0,0.0,0.0,0.0,0.0,0.0,0.0,0.0,0.0,0.0135,0.0,0.0416,0.1579,0.0,0.1062,0.0,43.2535,133.1464,11.9756,0.012,0.0349,2.6585,0.9886,34.8453,7.5043,35.7714,0.9451,57.1159,21.536,df_numeric
C3N-01388-03,0.0,0.0,0.0,0.0,0.0,0.1652,0.0,0.0,0.0658,0.0,0.0,0.1342,0.0,0.0,0.0,0.0,0.0,0.0,0.0,0.0,0.0,0.0392,0.0,0.0429,0.0,0.0,0.0,0.0,0.0,0.1437,0.0,70.237,190.1328,11.9306,0.0324,0.0315,2.1627,0.5145,49.8036,11.9408,47.3777,0.7925,73.4204,43.2634,df_numeric
C3N-01502-01,0.0,0.0,0.0,0.0,0.0,0.0772,0.039,0.0,0.0308,0.0,0.0,0.0251,0.0,0.037,0.0,0.0,0.0,0.0,0.0,0.0,0.0,0.0,0.0,0.0,0.0,0.0,0.079,0.3996,0.0,0.1343,0.289,52.8839,144.083,9.2487,0.0151,0.0294,1.7017,1.3469,29.4184,8.5914,31.0633,1.0104,43.4948,37.0918,df_numeric
C3N-01714-02,0.0,0.0,0.0,0.0,0.3511,0.1767,0.0,0.0,0.0704,0.0,0.0,0.0287,0.0,0.0,0.0,0.0,0.0,0.0,0.0,0.0,0.0,0.0,0.0,0.0,0.0,0.0,0.0903,0.0,0.0,0.0,0.0,77.0003,171.0639,7.6876,0.0173,0.0252,1.1566,0.4219,34.2658,6.2999,26.1176,0.4046,73.0617,20.5179,df_numeric
C3N-01715-02,0.0643,0.0,0.0,0.0,0.0,0.0,0.0,0.0,0.0465,0.0,0.0,0.0379,0.0,0.0,0.0,0.0,0.0,0.0,0.0,0.0,0.0,0.0,0.0,0.0,0.0,0.0,0.3384,0.0,0.0,0.1016,0.0,35.2878,72.6777,3.8162,0.0114,0.0111,0.7721,0.1212,27.4186,8.0439,17.0344,0.2802,79.9565,10.3303,df_numeric
C3N-01716-03,0.0,0.0,0.0,0.0,0.0,0.0638,0.0,0.0,0.2541,0.0,0.0,0.0,0.0173,0.0,0.0305,0.0,0.0,0.0,0.0,0.0,0.0,0.0,0.0,0.0,0.0282,0.2711,0.0435,0.165,0.0,0.0555,0.0,64.3598,172.3909,7.2878,0.0125,0.0243,0.8596,0.5296,52.8175,6.0751,31.237,0.3754,51.9242,23.0012,df_numeric
C3N-01719-04,0.0,0.0,0.0,0.0,0.0,0.108,0.0,0.0,0.0,0.0,0.0,0.0,0.0,0.0,0.0,0.0,0.0,0.0,0.0,0.0,0.0,0.0,0.1263,0.0,0.0,0.0,0.1473,0.0,0.0,0.094,0.0,64.2192,159.941,12.4539,0.0423,0.0411,1.9325,0.8076,30.747,11.4298,43.1741,1.4136,55.8622,32.8853,df_numeric
C3N-01897-01,0.0,0.0,0.0,0.0,0.0,0.5865,0.0,0.0,0.1871,0.0,0.0,0.3431,0.0,0.0,0.0,0.0,0.0,0.0,0.0,0.0,0.0,0.0,0.0,0.0,0.0,0.0,0.16,0.0,0.0,0.0,0.0,76.6157,120.6793,6.0385,0.0,0.0223,1.4904,0.4385,66.1983,4.5034,16.6523,1.8933,60.7694,14.2623,df_numeric
C3N-01898-04,0.0,0.0,0.0,0.0,0.0,0.0,0.0,0.0,0.0642,0.0,0.0,0.0523,0.0,0.0,0.0,0.0,0.0,0.0,0.0,0.0,0.0,0.0,0.0471,0.0,0.0,0.0,0.0,0.0,0.0,0.07,0.0,61.0665,134.3518,9.3024,0.0,0.046,2.7757,1.2369,43.9939,8.0305,41.2267,2.0715,67.5612,42.7229,df_numeric
C3N-01898-04-2,0.0,0.0,0.0,0.0,0.0,0.0996,0.0,0.0,0.1191,0.0,0.0,0.0,0.0,0.0,0.0,0.0,0.0,0.0,0.0,0.0,0.0,0.0,0.0583,0.0,0.0,0.0,0.034,0.0,0.0,0.0,0.0,75.3494,156.7246,11.1086,0.0,0.0379,2.3248,1.2827,71.3342,10.8714,46.5959,2.3684,81.7261,38.7486,df_numeric
C3N-01899-02,0.0,0.0,0.0,0.0,0.0,0.0,0.0,0.0,0.115,0.0499,0.0,0.0,0.0,0.0461,0.0,0.0,0.0,0.0,0.0,0.0,0.0464,0.0,0.0562,0.05,0.0,0.0908,0.0328,0.0,0.0,0.0,0.0,54.6718,139.4901,10.1674,0.0377,0.0183,1.3212,0.3993,40.8356,5.6953,28.8039,0.692,64.2938,25.4202,df_numeric
C3N-01899-02-2,0.0,0.0,0.0,0.0,0.0,0.0,0.0,0.0,0.1464,0.0,0.0,0.0,0.0249,0.0,0.0,0.0,0.0,0.0,0.0,0.0,0.0,0.0,0.0537,0.0,0.0,0.0,0.0,0.0,0.0,0.0,0.0,81.4737,158.4413,14.2543,0.0719,0.035,3.4515,0.7626,42.3496,8.9985,33.6306,2.3827,90.8769,34.3918,df_numeric
C3N-01899-02-3,0.0,0.0,0.0,0.0,0.0,0.0794,0.0,0.0,0.0949,0.0,0.0,0.0,0.0,0.0,0.0,0.0,0.0,0.0,0.0,0.0,0.0,0.0,0.0,0.0,0.0,0.0,0.0,0.0,0.0,0.0,0.0,57.2624,141.7162,8.9177,0.0466,0.0151,1.5436,0.4615,40.9678,6.0943,25.8582,0.8137,58.8823,25.2243,df_numeric
C3N-01997-03,0.0,0.0,0.0,0.0,0.0,0.1284,0.0,0.1284,0.2304,0.0,0.0,0.0,0.0174,0.0616,0.0,0.0,0.0,0.0276,0.0,0.0,0.0,0.0305,0.1126,0.0,0.0,0.0303,0.0876,0.2216,0.0,0.0,0.0,42.0609,153.6628,12.1504,0.0126,0.0122,2.1146,0.4801,45.2348,8.7721,40.9994,0.4202,64.2417,24.8819,df_numeric
C3N-01998-03,0.0,0.0,0.0,0.0,0.0184,0.2407,0.0,0.1203,0.1679,0.0,0.0,0.2541,0.0,0.0577,0.0,0.0,0.0,0.0,0.0466,0.0,0.0,0.0,0.2111,0.0,0.0,0.0,0.1026,0.3114,0.157,3.8201,0.0,39.4442,149.0878,6.5821,0.0118,0.0115,1.1388,0.1749,43.2464,7.4681,36.6409,0.4724,50.6718,18.5541,df_numeric
C3N-02010-03,0.0,0.0,0.0,0.0,0.0,0.087,0.044,0.0,0.1734,0.0,0.0,0.0,0.0,0.0,0.0,0.0,0.0,0.0,0.0,0.0,0.0,0.0,0.0,0.0,0.0193,0.0,0.0,0.1501,0.0,0.0,0.0,107.249,224.4436,2.9523,0.0511,0.0828,1.06,0.1806,56.6927,8.6949,21.7917,0.0949,91.9787,13.5407,df_numeric
C3N-02295-04,0.0,0.0,0.0,0.0,0.0,0.0,0.0,0.1099,0.1752,0.0,0.0,0.0,0.0,0.0527,0.0,0.0644,0.0,0.0,0.0,0.0,0.0,0.0,0.0,0.0,0.0,0.0,0.1873,0.3792,0.0956,0.0,0.0,68.7883,163.0549,12.0525,0.0,0.0209,4.0173,1.9168,47.9515,13.8113,48.6639,1.6297,69.2548,47.9533,df_numeric
C3N-02573-01,0.0,0.0,0.0,0.0,0.0,1.6462,0.0,0.0,0.2316,0.0,0.0,0.2832,0.0,0.0464,0.0,0.0,0.0,0.0,0.075,0.0468,0.0,0.0,0.0,0.0,0.0,0.0,0.099,0.2506,0.0,0.5054,0.0,43.4185,167.2237,10.5538,0.0,0.0,1.6823,0.6435,42.9025,9.492,39.1492,1.0138,72.7907,22.59,df_numeric
C3N-02579-02,0.0,0.0,0.0,0.0,0.0,0.1081,0.0273,0.0,0.0646,0.0,0.0,0.1581,0.0,0.0,0.0,0.0,0.0,0.0,0.5862,0.0,0.0,0.0,0.0316,0.0,0.0,0.0,0.0,0.0466,0.0,0.047,0.0,59.3025,178.9172,9.7577,0.0,0.0309,1.3035,0.3143,46.2492,11.4289,45.2967,0.7781,70.6433,28.8523,df_numeric
C3N-02585-01,0.0,0.0,0.0,0.0,0.614,0.2869,0.0,0.0,0.0381,0.0,0.0,0.0621,0.0,0.0,0.0,0.0,0.0,0.0,0.0,0.0,0.0,0.0,0.0559,0.0,0.0212,0.0,0.0978,0.0825,0.0,0.0,0.0,55.6694,144.6863,9.6707,0.0,0.0,2.5291,0.7149,54.4403,14.237,42.1628,0.876,79.0142,26.2775,df_numeric
C3N-02589-01,0.0,0.0,0.0,0.0,0.0,0.0753,0.0,0.0,0.09,0.0,0.0,0.0,0.0205,0.0,0.0,0.0,0.0,0.0,0.1749,0.0,0.0363,0.0,0.1761,0.0,0.0,0.0,0.1027,0.0649,0.0655,0.0,0.0,55.1772,197.6665,11.5295,0.0,0.0143,2.4788,1.2193,67.4901,13.5832,56.1851,0.509,54.6387,29.0553,df_numeric
C3N-02590-01,0.0,0.0,0.0,0.0,0.0,0.2043,0.1033,0.0,0.0,0.0,0.0,0.0664,0.0,0.0,0.0,0.0,0.0,0.0,0.0,0.0,0.0,0.0,0.0,0.0,0.0,0.0,0.0696,0.0,0.0,0.0,0.0,88.128,146.1917,15.328,0.04,0.0778,2.1185,0.509,45.0215,7.0454,33.1383,2.9849,79.1828,31.9011,df_numeric
C3N-02592-01,0.0,0.0,0.0,0.0,0.0,0.2997,0.0,0.0,0.2389,0.0,0.0,0.0325,0.0,0.0479,0.0,0.0,0.0,0.0,0.0,0.0,0.0,0.0,0.0,0.0,0.0,0.0,0.1362,0.0862,0.0,0.0,0.0,82.4972,198.0642,14.9629,0.0196,0.0,1.8389,0.7053,89.8331,13.0803,44.8899,1.22,84.9804,32.2363,df_numeric
C3N-02594-01,0.0,0.0,0.0,0.0,0.0,0.0,0.0,0.0,0.0718,0.0,0.0,0.0292,0.0,0.0,0.0,0.0,0.0,0.0,0.0,0.0,0.0,0.0,0.0526,0.0,0.0,0.0,0.0307,0.0776,0.0,0.0783,0.0,54.3634,167.6463,8.4193,0.0353,0.0171,2.2401,1.7568,53.2764,10.3117,46.3312,0.9029,48.4112,34.1141,df_numeric
C3N-02696-02,0.0,0.1405,0.022,9.7527,0.0,0.113,7.311,0.0,0.0,0.0,0.0,0.0551,0.0,4.4676,0.162,0.1324,0.0,0.0,0.0,0.0,0.0,0.0,0.9908,0.0,0.0,0.0,0.0,5.1159,0.0,0.5404,0.2819,49.0373,142.6752,9.9106,0.0221,0.0215,2.724,0.9384,38.1912,7.0551,44.633,1.429,72.1343,31.5154,df_numeric
C3N-02696-02-2,0.0,0.0,0.0,0.7613,0.0,0.0868,0.3732,0.0868,0.0865,0.0,0.0,0.0282,0.0,0.4371,0.0,0.0255,0.0,0.0,0.0,0.0,0.0,0.0,0.2793,0.0226,0.0096,0.0205,0.074,0.4869,0.0378,0.1888,0.0,34.9985,96.872,8.5205,0.0,0.0165,2.5445,0.5952,19.7181,4.4423,24.5134,1.0418,41.834,15.0221,df_numeric
C3N-02754-01,0.044,0.0,0.0,0.0,0.0489,0.1599,0.0,0.0799,0.0956,0.0,0.0,0.0,0.0,0.0,0.0,0.0,0.0,0.0,0.0,0.0,0.0,0.0,0.1402,0.0,0.0,0.0,0.1363,0.0,0.0,0.0,0.0,54.1335,179.5029,12.4223,0.047,0.0304,2.9016,1.5604,42.8493,9.3147,52.5504,0.7845,71.9562,35.8703,df_numeric
C3N-02754-01-2,0.0,0.0,0.0,0.0,0.0,0.0,0.0,0.0,0.0748,0.0,0.0,0.0,0.0,0.0,0.0448,0.0,0.0,0.0,0.0,0.0,0.0,0.0,0.0,0.0,0.0,0.0,0.1279,0.0809,0.0,0.0,0.0,58.6758,155.1313,8.9727,0.0184,0.0,2.4564,1.5194,49.5559,9.0297,45.5908,1.7185,88.5232,36.2523,df_numeric
C3N-02754-01-3,0.0,0.0,0.0,0.0,0.0,0.0,0.0,0.0,0.0441,0.0,0.0543,0.036,0.0,0.053,0.0,0.0,0.0,0.0,0.0,0.0,0.0,0.0,0.1941,0.0,0.0,0.0,0.0377,0.0,0.0,0.0,0.0,56.3149,178.0968,14.0289,0.0433,0.0421,4.504,2.941,49.0787,8.2577,60.7969,2.5338,80.1159,45.3311,df_numeric
C3N-02765-02,0.0335,0.0,0.0,0.0,0.0,0.0,0.0,0.0609,0.1456,0.0316,0.0,0.0198,0.0165,0.0,0.0,0.0,0.0,0.0,0.0,0.0,0.0,0.0,0.4984,0.0,0.0,0.0,0.0415,0.0,0.0,0.0,0.0,25.5432,100.8501,10.1367,0.0119,0.0232,2.368,0.4046,16.4203,3.3814,19.1177,0.7702,47.7231,14.9551,df_numeric
C3N-02765-02-2,0.0,0.0,0.0,0.0,0.0,0.0,0.0,0.0,0.1039,0.0,0.0,0.0282,0.0,0.0,0.0,0.0,0.0,0.0,0.0,0.0,0.0,0.0,0.1524,0.0,0.0,0.0,0.622,0.0749,0.0,0.0,0.0,45.7049,172.1926,7.5432,0.017,0.0331,1.8698,1.0104,34.5457,8.5329,35.1237,1.2506,62.8351,30.8301,df_numeric
C3N-02765-02-3,0.0,0.0,0.0,0.0,0.0,0.0476,0.0,0.0,0.076,0.0,0.0,0.0,0.0,0.0,0.0,0.0,0.0,0.0,0.0,0.0,0.0,0.0,0.3621,0.0,0.0,0.0,0.0487,0.0,0.0,0.0,0.0,15.0839,49.1635,4.0695,0.0093,0.0181,1.5935,0.1781,9.973,2.0146,12.7779,0.3325,24.9719,5.4862,df_numeric
C3N-02768-02,0.0,0.0,0.0,0.0,0.0,0.147,0.0,0.0,0.1172,0.0,0.0,0.0478,0.0,0.0352,0.0,0.0431,0.0,0.0316,0.0,0.0,0.0,0.0,0.0859,0.0,0.0,0.0,0.0,0.0634,0.0,0.1278,0.0,37.583,134.9018,7.0287,0.0,0.0,1.1431,0.4273,44.719,8.4765,34.0306,0.5769,96.4442,17.685,df_numeric
C3N-02930-01,0.0,0.0,0.0,0.0,0.0,0.1778,0.0,0.0,0.0,0.0,0.0,0.0289,0.0,0.0,0.0,0.0,0.0,0.0,0.0,0.0,0.0,0.0,0.0,0.0,0.0,0.0,0.0303,0.1534,0.0,0.0,0.0,44.4841,146.4051,6.6712,0.0522,0.0846,2.1438,0.48,37.1709,9.9268,37.1039,0.446,54.3781,25.2642,df_numeric
C3N-02930-01-2,0.0,0.0,0.0,0.0,0.0,0.0,0.0,0.0,0.0354,0.0,0.0,0.0,0.0,0.0,0.0,0.0,0.0,0.0,0.0,0.0,0.0,0.0,0.0,0.0462,0.0,0.0,0.0606,0.0,0.0,0.0,0.0,42.8898,133.7069,8.2883,0.0174,0.0169,5.691,2.3252,35.7261,13.2294,58.0125,2.2094,58.5122,38.515,df_numeric
C3N-02930-01-3,0.0,0.0,0.0,0.0,0.0,0.3005,0.0,0.0,0.0299,0.0,0.0,0.0488,0.0,0.072,0.0,0.0,0.0,0.0,0.0,0.0,0.0,0.0,0.0,0.0,0.0,0.0,0.0256,0.1296,0.0,0.0653,0.0,60.6839,119.6108,5.5206,0.0589,0.1001,2.8825,0.5304,45.0913,10.7731,28.2536,1.3106,71.6605,24.2414,df_numeric
C3N-02940-01,0.0,0.0,0.0,0.0,0.0,0.0,0.0,0.0,0.0587,0.0,0.0,0.0,0.0,0.0,0.0,0.0431,0.0,0.0,0.114,0.0,0.0,0.0,0.043,0.0,0.0,0.0,0.0251,0.1905,0.0,0.0,0.0,34.9824,118.5901,6.6791,0.0,0.014,1.1641,0.4891,51.7636,9.9105,33.1728,0.5297,67.5435,24.2985,df_numeric
C3N-02944-01,0.3717,0.0,0.0,0.0,0.4644,0.2531,0.0,0.0,0.3027,0.0,0.0,0.0548,0.1376,0.0,0.0403,0.4452,0.0,0.0,0.0,0.0,0.0,0.0,0.0987,0.0,0.0,0.0,0.0288,0.2184,0.0,0.0734,0.0,56.4331,161.649,6.474,0.0,0.0161,1.7285,0.4556,46.6364,10.1949,37.5358,0.6257,58.4804,29.8182,df_numeric
C3N-02971-01,0.0,0.0,0.0,0.0,0.0,0.1872,0.0,0.0,0.2612,0.0,0.0,0.1825,0.0,0.0,0.0,0.0,0.0,0.0,0.0,0.0,0.0,0.0,0.1095,0.0,0.0829,0.0,0.3829,0.0,0.0,0.0,0.0,52.0507,138.5216,9.8456,0.0,0.0356,1.9414,0.7775,40.5833,9.4839,38.6941,0.6328,51.6575,31.4077,df_numeric
C3N-02996-02,0.0,0.0,0.0,0.0,0.0,0.2224,0.0,0.0,0.0887,0.0,0.0,0.0482,0.0201,0.0,0.0,0.0869,0.0,0.0,0.0,0.0,0.0,0.0,0.4768,0.0,0.0,0.0,0.0758,0.1279,0.0,0.0,0.0,66.5996,119.678,7.6836,0.0581,0.0282,2.2872,0.7389,48.8919,8.0604,26.234,1.2611,70.0064,19.9299,df_numeric
C3N-02997-01,0.0,0.0,0.0,0.0,0.0,0.0,0.0,0.0919,0.2197,0.0,0.0,0.0,0.0,0.0,0.0,0.0,0.0,0.0,0.0712,0.0,0.0443,0.0,0.0537,0.0,0.0,0.0,0.0,0.0792,0.0,0.0,0.0,58.7432,76.976,5.5532,0.0,0.0,1.6435,0.1526,39.883,6.2115,10.6963,1.3624,123.7891,16.7979,df_numeric
C3N-02998-03,0.0,0.0,0.0,0.0,0.0,0.1674,0.0,0.0,0.0,0.0,0.0411,0.0544,0.0,0.0401,0.0,0.0,0.0,0.0,0.0,0.0,0.0,0.0,0.0,0.0,0.0,0.0,0.0285,0.0,0.0,0.2185,0.0,39.2673,115.2255,6.7284,0.0,0.0319,1.628,0.2434,38.6663,11.2241,38.2812,0.7486,64.6687,30.7009,df_numeric
C3N-03000-02,0.0,0.0,0.0,0.6756,1.0766,0.1956,5.1932,0.0,0.117,0.0,1.391,0.0636,0.3721,0.0,0.0,1.8348,0.0,0.0,0.0,0.0,0.0,0.1856,0.0,0.0,0.0,0.0,0.3001,0.0,0.0,0.1702,0.0,77.0026,208.08,15.8327,0.0,0.0559,3.1703,0.9344,49.6736,14.3151,62.8361,2.5814,116.0663,46.5547,df_numeric
C3N-03006-02,0.0,0.0,0.0,0.0,0.0,0.1932,0.0326,0.0,0.0257,0.0,0.0,0.0837,0.0,0.0,0.0,0.0,0.0,0.0,0.0499,0.0,0.0,0.0,0.0,0.0,0.0,0.0,0.022,0.1667,0.0,0.0,0.0,33.1083,107.4574,7.2458,0.0,0.0,1.6033,0.6688,32.2824,8.548,42.3894,0.4215,52.5884,24.2261,df_numeric
C3N-03007-02,0.0,0.0,0.0,0.0,0.0,0.0908,0.0,0.0908,0.0724,0.0,0.0,0.0885,0.0,0.0,0.0,0.0,0.0,0.0,0.0,0.0,0.0,0.0,0.0531,0.0,0.0,0.0,0.0929,0.0,0.0,0.0,0.0,79.6801,204.6902,14.2934,0.0,0.0173,2.2608,0.6036,56.6856,11.9999,50.205,1.4065,65.4489,43.1374,df_numeric
C3N-03039-01,0.0,0.0,0.0,0.0,0.0,0.3753,0.0,0.0,0.1995,0.0,0.0,0.2439,0.034,0.0,0.0,0.0,0.0,0.0,0.1938,0.0,0.0,0.0,0.0731,0.0,0.0,0.0,0.0426,0.0,0.0,0.0,0.0,57.5176,155.8355,5.5796,0.0,0.0,0.8758,0.3637,50.1555,8.1662,35.8423,0.3547,62.9416,15.518,df_numeric
C3N-03061-01,0.0442,0.0,0.0,0.0,0.0,0.1604,0.0406,0.0,0.064,0.0,0.0,0.0261,0.0218,0.0,0.0,0.0,0.0,0.0,0.0,0.0,0.0,0.0,0.1407,0.0,0.0,0.0379,0.0,0.0692,0.0698,0.2791,0.0,74.769,218.9027,12.4322,0.0157,0.0153,1.5183,0.3665,77.6929,13.2552,45.1265,0.8048,78.228,36.9082,df_numeric
C3N-03069-01,0.0,0.0,0.0,0.0,0.0,0.0,0.0,0.0,0.0337,0.0,0.0,0.0,0.046,0.0406,0.0,0.0,0.0,0.0,0.0,0.0,0.0,0.0,0.0,0.0,0.0,0.0,0.0577,0.0,0.0,0.0,0.0,87.3882,204.7472,13.523,0.0166,0.0161,2.4362,0.2109,41.8606,11.7444,58.2521,1.2739,52.9048,40.4122,df_numeric
C3N-03086-02,0.0,0.0,0.0,0.0,0.0,0.0,0.0,0.0,0.0795,0.0,0.0,0.0,0.0,0.0,0.0,0.0,0.0,0.0,0.0,0.0,0.0,0.0,0.1748,0.0,0.0,0.0,0.034,0.086,0.0,0.0,0.0,91.2362,238.1795,14.6068,0.0,0.019,2.1705,1.3245,50.6625,11.9625,64.8648,0.9129,57.053,43.2434,df_numeric
C3N-03173-01,0.0476,0.0,0.0,0.0,0.0,0.2592,0.0,0.0,0.1377,0.0,0.0,0.0842,0.0,0.0,0.0,0.0,0.0,0.0,0.0,0.0,0.0,0.0,0.0,0.0,0.0,0.0,0.1473,0.149,0.0,0.0,0.0,49.4357,138.9126,9.7658,0.0,0.0164,3.4718,1.2558,55.7319,10.2516,39.5565,0.9609,58.167,30.6965,df_numeric
C3N-03190-01,0.0,0.0,0.0,0.0,0.0,0.1271,0.0,0.0,0.2026,0.0,0.0,0.1032,0.0,0.0,0.0,0.0,0.0,0.0,0.0,0.0,0.0,0.0,0.0,0.0,0.0,0.0,0.0,0.0,0.0,0.0,0.0,42.258,148.0542,8.2691,0.0124,0.0121,1.9108,0.0264,39.4034,7.9602,28.7583,0.5542,56.6752,14.6627,df_numeric
C3N-03211-02,0.0,0.0,0.0,0.0,0.0,0.0,0.0,0.0,0.1964,0.0,0.0,0.0,0.0,0.0472,0.0,0.0,0.0,0.0,0.0,0.0,0.0475,0.0,0.0576,0.0,0.0,0.0,0.0,0.17,0.0,0.0,0.0,40.1518,130.3561,6.6895,0.0386,0.1126,1.2264,0.6139,34.3789,7.2008,39.4498,0.3009,37.0344,30.73,df_numeric
C3N-03426-01,0.0,0.0,0.0,0.0,0.0,0.0,0.0,0.0,0.0,0.0,0.0,0.0,4.2926,0.0,0.0,0.0,0.0,0.0,0.2661,0.0,0.0828,0.0,0.1004,0.0,0.076,0.0,0.0,0.2963,0.0,0.0,0.0,28.0324,48.4799,2.4086,0.1009,0.0327,0.3562,0.0,35.6624,8.4329,16.4011,0.0375,73.3312,8.9115,df_numeric
C3N-03428-02,0.0,0.0,0.0,0.0,0.0257,0.0842,0.0,0.0,0.0336,0.0,0.0,0.0821,0.0,0.0404,0.0,0.0494,0.0,0.0,0.0,0.0,0.0,0.0,0.0,0.0,0.0,0.0,0.1148,0.2906,0.0732,0.0732,0.0,40.6077,130.4089,5.8115,0.0165,0.0,2.1836,0.1399,38.8483,15.2783,38.783,0.3306,59.1374,19.312,df_numeric
C3N-03430-02,0.0,0.0,0.0,0.0,0.0,0.0,0.0,0.0,0.2238,0.0,0.0,0.0608,0.0,0.0,0.0,0.0,0.0,0.0,0.0,0.0,0.0,0.0,0.1094,0.0,0.0,0.0,0.0638,0.1614,0.0,0.4882,0.0,60.7654,189.3737,8.372,0.11,0.0356,1.504,0.2331,34.7127,7.2924,28.6419,0.857,63.8555,26.5404,df_numeric
C3N-03439-02,0.0,0.0,0.0,0.0,0.0,0.4132,0.0,0.0,0.0329,0.0,0.0,0.188,0.0,0.0,0.0,0.0,0.0,0.0,0.7042,0.0,0.0,0.0,0.0966,0.0,0.0,0.0,0.0282,0.4277,0.0,0.0,0.0,46.4778,145.5631,5.9927,0.0,0.0,1.2428,0.5149,39.9532,13.2214,33.8959,0.4686,75.3702,25.772,df_numeric
C3N-03440-01,0.0,0.0,0.0,0.0,0.0,0.0655,0.0,0.0,0.0522,0.0,0.0,0.0213,0.0,0.0,0.0,0.0,0.0,0.0,0.0,0.0,0.0316,0.0,0.1148,0.0,0.0145,0.0,0.0446,0.0,0.0,0.0,0.0,57.1468,171.158,11.9189,0.0,0.0374,1.9691,0.7342,37.8139,10.2443,43.7683,1.0852,62.6436,33.7792,df_numeric
C3N-03665-01,0.0,0.0,0.0,0.0,0.0,0.0,0.0,0.0,0.1524,0.0,0.0,0.3106,0.0,0.0,0.0,0.0,0.0,0.0,0.0,0.0,0.0,0.0,0.0,0.0,0.0,0.0,0.0652,0.1649,0.0,0.0,0.0,47.1132,133.7108,7.2135,0.1498,0.1092,1.1402,0.3176,32.8218,9.8729,33.1428,0.6255,58.8472,20.3152,df_numeric
C3N-03666-01,0.0,0.0,0.0,0.0,0.0,0.2207,0.0,0.0,0.132,0.0,0.0,0.2868,0.0,0.0529,0.0,0.1294,0.0,0.0,0.2564,0.0,0.0,0.0523,0.0,0.0,0.0,0.0,0.0376,0.0952,0.0,0.0,0.0,59.6366,181.2515,9.5181,0.0216,0.084,1.7452,0.6416,46.1958,9.9984,50.671,0.6016,61.3602,30.0479,df_numeric
C3N-03670-01,0.0,0.0,0.0,0.0,0.0,0.1833,0.0,0.0,0.0731,0.0,0.0,0.0595,0.0,0.0,0.0,0.0,0.0,0.0,0.0,0.0,0.0442,0.0,0.1607,0.0,0.0,0.0,0.1874,0.079,0.0,0.1594,0.0,53.0851,168.3815,11.2459,0.1615,0.157,2.9461,0.7992,43.0824,11.0173,52.8093,0.9593,74.871,37.4071,df_numeric
C3N-03754-01,0.0,0.0,0.0,0.0,0.0,0.2855,0.0,0.0,0.1517,0.0,0.0,0.1855,0.0,0.0,0.0,0.0,0.0,0.0,0.0737,0.0,0.0459,0.0,0.0556,0.0989,0.0,0.0,0.1622,0.0,0.0828,0.0,0.0,70.8109,190.3956,8.0216,0.2423,0.2537,1.0856,0.4743,56.2287,7.7883,36.4159,0.5396,143.5558,21.4927,df_numeric
C3N-03780-01,0.0,0.0,0.0,0.0,0.0,0.0,0.0,0.0,0.0672,0.0,0.0,0.0547,0.0,0.0808,0.0,0.0,0.0,0.0,0.0,0.0,0.0,0.0,2.7582,0.0,0.0,0.0,0.0,0.0,0.0,0.0,0.0,57.5599,185.4914,11.8145,0.132,0.0642,1.3541,1.3994,36.1979,7.5505,49.1505,0.5511,54.6173,29.9734,df_numeric
C3N-03839-05,0.0,0.0,0.0,0.0,0.0,0.0,0.0,0.0801,0.0958,0.0,0.0,0.026,0.0,0.0384,0.0,0.0,0.0,0.0,0.0,0.0,0.0,0.0,0.0,0.0,0.0,0.0378,0.0,0.1381,0.0,0.0,0.0,63.9702,129.7015,5.3344,0.0,0.0152,0.7681,0.0998,78.792,10.2976,28.7547,0.2619,53.8079,20.9726,df_numeric
C3N-03840-02,0.0,0.0,0.0,0.0,0.0,0.0,0.0,0.0,0.1782,0.0,0.0,0.0871,0.2429,0.0,0.0,0.0,0.0,0.0,0.0692,0.0,0.0,0.0,0.1568,0.0,0.0,0.0,0.0,0.0,0.0,0.0778,0.0,60.3579,176.5398,8.3881,0.0175,0.0,2.1324,0.4827,62.2765,11.1138,55.4947,0.4289,78.5944,28.9378,df_numeric
C3N-03853-02,0.244,0.0,0.0,0.1177,0.1016,0.1108,0.9525,0.0,0.0883,0.0,0.0,0.036,0.0301,0.2125,0.0,0.1299,0.0,0.0477,0.0,0.0,0.0534,0.0,0.9719,0.0,0.0736,1.047,0.1889,0.5735,0.0,0.0,0.0,65.8458,159.645,6.8388,0.0217,0.0211,3.0456,0.4142,61.0598,9.1558,52.9897,0.4592,65.5495,21.6327,df_numeric
C3N-03884-01,0.0,0.0,0.0,0.0,0.0,0.1797,0.0,0.0,0.0716,0.0,0.0,0.0,0.0,0.0,0.0,0.0,0.0,0.0,0.0,0.0,0.0,0.0,0.0,0.0,0.0,0.0,0.0613,0.0,0.0,0.3126,0.0,51.3681,133.3047,7.9634,0.2112,0.1026,0.7454,0.0746,31.4416,8.3678,29.6183,0.5094,58.7217,23.5313,df_numeric
C3N-04119-02,0.0,0.0,0.0,0.0,0.0268,0.3503,0.0,0.0,0.0,0.0,0.0,0.0854,0.0,0.0,0.0,0.0,0.0,0.0377,0.0,0.0,0.0,0.0,0.0512,0.0,0.0,0.0,0.0597,0.0755,0.0,0.0762,0.0,70.6711,184.7296,10.4903,0.0,0.0,2.566,0.4365,51.4094,9.5912,46.6341,1.5663,64.0669,39.6473,df_numeric
C3N-04126-02,0.0373,0.0,0.0,0.0,0.145,0.1355,0.0,0.0,0.054,0.0,0.0,0.044,0.0368,0.0325,0.0,0.0,0.0,0.0,0.0,0.0,0.0,0.0,0.1585,0.0,0.015,0.1921,0.0462,0.2338,0.0,0.4125,0.0,58.3269,136.9975,9.2469,0.0,0.0258,1.8447,0.3377,37.3346,11.2097,41.9296,0.8719,60.4605,25.2153,df_numeric
C3N-04282-01,0.0,0.0,0.0,0.093,0.0,0.2625,0.0,0.0,0.0698,0.0,0.0,0.0853,0.0475,0.0419,0.0,0.0513,0.0,0.0,0.0,0.0,0.0,0.0,0.1023,0.0,0.0,0.0,0.179,0.0,0.0,0.0,0.0,104.0969,210.4453,10.7633,0.0686,0.0167,2.473,0.7632,77.4823,14.5957,49.7411,1.0496,104.17,31.6985,df_numeric
C3N-04283-03,0.2137,0.0,0.0,0.0,0.0,0.0776,0.0,0.0,0.1857,0.0,0.0,0.0252,0.0,0.0,0.0,0.1365,0.0,0.0,0.0,0.0375,0.0,0.0,0.0454,0.0,0.0,0.0,0.0,0.1339,0.0,0.135,0.0,61.8501,156.6073,7.0118,0.0152,0.0,1.8719,0.3547,42.0426,9.2728,29.9094,0.5926,72.5118,22.0981,df_numeric
C3N-04284-01,0.4183,0.0,0.0,4.1918,0.1072,0.1753,2.955,0.0,0.2563,0.0,0.0,0.0,0.0159,1.9051,0.0,0.0,0.0,0.0,0.0,0.0,0.0,0.0,1.0935,0.0,0.0259,0.138,0.0199,1.3612,0.0,0.1017,0.0729,39.0115,65.5647,4.7707,0.0229,0.0445,2.273,0.5097,29.3869,4.5554,23.894,0.5991,42.088,10.2536,df_numeric
C3L-00017-04-normal,0.0,0.0,0.0,0.0,0.0,0.6988,0.0,0.0,0.0557,0.0,0.0,0.0227,0.0,0.0,0.0,0.0,0.0,0.0,0.0,0.0,0.0,0.0,0.0817,0.0,0.0,0.0,0.0715,0.0,0.0,0.0,0.0,27.7527,103.4521,2.8621,0.0411,0.0,1.8663,0.9288,28.4834,6.4413,19.6116,0.4268,78.7319,28.6664,dfnormal_numeric
C3L-00102-06-normal,0.0,0.0,0.0,0.0,0.0,0.0,0.0,0.0,0.0593,0.0,0.0,0.0,0.0,0.0,0.0,0.0,0.0,0.0,0.0,0.0,0.0,0.0,0.5215,0.0,0.0,0.0,0.076,0.0,0.0,0.0,0.0,43.5964,135.2529,7.84,0.0,0.0,2.4284,0.3396,35.0705,7.9954,35.495,0.5998,60.0173,22.8861,dfnormal_numeric
C3L-00589-06-normal,0.0,0.0,0.0,0.0,0.0,0.5272,0.0,0.0,0.0,0.0,0.0,0.0761,0.0,0.0,0.0,0.0,0.0,0.0,0.0,0.0,0.0,0.0,0.1713,0.0,0.013,0.0,0.02,0.0,0.0,0.0,0.0731,20.3094,61.2584,1.1421,0.0,0.0112,0.5468,0.1946,22.3198,4.4749,14.7538,0.0639,71.6254,14.3025,dfnormal_numeric
C3L-00622-04-normal,0.0,0.0,0.0,0.0,0.0,0.0,0.0,0.0752,0.2099,0.0,0.0,0.0,0.0,0.0,0.0,0.0,0.0,0.0,0.0,0.0,0.0,0.0,0.176,0.0,0.0,0.0,0.0,0.0,0.0,0.0,0.0,28.2267,129.4057,9.3913,0.0,0.0143,2.5163,0.6562,24.4973,5.4682,25.6894,0.6563,53.0106,13.0134,dfnormal_numeric
C3L-00640-06-normal,0.0,0.0,0.0,0.0404,0.0,0.0,0.0,0.0,0.0908,0.0,0.0,0.0,0.0,0.0,0.0,0.0891,0.0,0.0,0.0,0.0,0.0,0.0,0.0,0.0,0.0,0.0,0.0,0.0655,0.0,0.0,0.0,58.2023,174.5205,12.1245,0.0298,0.0145,4.2936,1.4828,43.2436,10.3912,56.945,2.336,56.2494,47.6776,dfnormal_numeric
C3L-00819-06-normal,0.0408,0.0,0.0,0.0,0.0,0.0,0.0,0.0,0.1477,0.0,0.0,0.0963,0.0,0.0,0.0,0.0434,0.0,0.0,0.0,0.0,0.0,0.0,0.13,0.0,0.0,0.0,0.0505,0.0,0.0,0.0,0.0,58.7263,182.8732,11.5965,0.029,0.0,2.9966,1.0154,39.1397,7.9402,49.1415,1.0664,54.4389,37.8225,dfnormal_numeric
C3L-01039-05-2-normal,0.0,0.0,0.0,0.0,0.0,0.0,0.0,0.0,0.058,0.0,0.0,0.0236,0.0198,0.0,0.0,0.0426,0.0,0.0,0.0,0.0,0.0351,0.0,0.17,0.0,0.0,0.0,0.1239,0.0,0.0,0.0,0.0,29.5794,75.7244,7.791,0.0,0.0,2.7334,0.7549,16.8299,4.1228,39.0471,1.3954,42.8004,13.0075,dfnormal_numeric
C3L-01039-05-normal,0.0,0.0,0.0,0.0,0.0,0.0,0.0,0.0,0.0458,0.0,0.0,0.0,0.0,0.0,0.0,0.0225,0.0,0.0,0.0,0.0,0.0,0.0,0.0,0.0,0.0,0.0,0.0261,0.0,0.0,0.0,0.0,10.3033,18.6726,1.4613,0.015,0.0,0.1291,0.0477,2.4606,0.9629,4.0092,0.6266,18.2842,4.3541,dfnormal_numeric
C3L-01328-03-normal,0.0,0.0,0.0,0.0,0.0,0.1017,0.0,0.0,0.1418,0.0,0.0,0.0,0.0,0.0975,0.0,0.0,0.0,0.0,0.0,0.0,0.0,0.0,0.0892,0.0,0.0,0.0,0.0173,0.1315,0.0,0.0,0.0,49.7838,134.4498,10.6584,0.0,0.029,2.715,0.9289,33.8064,8.6669,44.2231,1.0421,60.1455,34.466,dfnormal_numeric
C3L-01453-04-normal,0.0,0.0,0.0,0.0,0.0,0.0,0.0376,0.0,0.3557,0.0,0.0,0.0,0.0,0.0,0.0,0.0,0.0,0.0,0.0,0.0,0.0,0.0,0.087,0.0,0.0,0.0,0.0254,0.0,0.0,0.8408,0.0,20.5028,94.8009,3.2437,0.0146,0.0,3.3934,0.4942,26.2729,12.6068,28.8946,0.3568,67.3633,28.0778,dfnormal_numeric
C3L-01637-06-normal,0.0,0.0,0.0,0.0367,0.0,0.0,0.0,0.0,0.0826,0.0,0.0,0.0449,0.0,0.0,0.0,0.0405,0.0,0.0,0.0,0.0,0.0,0.0,0.5657,0.0,0.0153,0.0,0.0942,0.0596,0.0,0.0,0.0,41.6781,120.0349,13.482,0.0,0.0263,3.3505,1.0045,29.8106,6.6925,38.0165,1.1153,57.399,15.4708,dfnormal_numeric
C3L-01689-04-normal,0.0,0.0,0.0,0.0,0.0,0.1442,0.0,0.0,0.1725,0.0,0.0,0.0703,0.0,0.0,0.0,0.0,0.0,0.0,0.0,0.0,0.0,0.0,0.1265,0.0,0.0,0.0,0.0246,0.0,0.0,0.0,0.0,23.2563,72.0013,2.1742,0.0,0.0137,1.5142,0.2096,19.4846,4.8191,16.083,0.173,83.2002,18.4935,dfnormal_numeric
C3L-01703-04-normal,0.0,0.0,0.0,0.0,0.0,0.0,0.0,0.0,0.0313,0.0,0.0,0.0255,0.0213,0.0376,0.0,0.0,0.0,0.0338,0.0,0.0,0.0,0.0,0.0,0.0,0.0,0.0,0.1339,0.0,0.0,0.0,0.0,65.5003,201.9723,13.6807,0.0,0.015,4.1336,2.1528,31.4869,11.8908,60.6714,1.3017,52.4676,55.4245,dfnormal_numeric
C3L-02112-04-normal,0.0,0.0,0.0,0.0,0.0,0.1363,0.0,0.0681,0.2173,0.0,0.0,0.0,0.0,0.0,0.0,0.0799,0.0,0.0,0.0,0.0,0.0,0.0,0.0,0.0,0.0,0.0,0.0232,0.0588,0.0,0.0,0.0,25.9384,114.498,2.7046,0.0133,0.0,1.855,0.5094,26.1492,7.1832,25.8074,0.0743,61.069,35.6954,dfnormal_numeric
C3L-02463-05-normal,0.0,0.0,0.0,0.0,0.0204,0.4677,0.0,0.0,0.1065,0.0,0.0,0.0217,0.0,0.0,0.0,0.0,0.0,0.0288,0.0,0.0,0.0,0.0,0.0,0.0,0.0,0.0,0.0,0.0,0.0,0.0,0.0,21.6777,74.2317,1.79,0.0,0.0,1.1088,0.444,25.8641,5.6508,16.9588,0.1457,69.8388,23.3135,dfnormal_numeric
C3L-02606-04-normal,0.0,0.0,0.0,0.0,0.0,0.0,0.0,0.0,0.0443,0.0,0.0,0.0,0.0,0.0266,0.0,0.0,0.0,0.0,0.0431,0.0,0.0,0.0,0.1625,0.0,0.0,0.0,0.0379,0.048,0.0,0.0,0.0,37.4045,123.6294,10.3859,0.0,0.0106,2.1333,0.7619,25.275,5.2215,31.7107,0.4971,43.744,18.0507,dfnormal_numeric
C3L-02610-04-normal,0.0,0.0,0.0,0.0,0.0,0.0496,0.0,0.0,0.0,0.0,0.0,0.0,0.027,0.0,0.0,0.0,0.0,0.0214,0.0,0.0,0.0,0.0,0.2611,0.0,0.0,0.0,0.0338,0.0428,0.0,0.0,0.0,25.7391,70.1027,7.2641,0.0,0.0,1.5564,0.6181,19.1205,3.8958,32.9705,0.2056,34.2063,11.0573,dfnormal_numeric
C3L-02613-04-normal,0.0,0.0,0.0389,0.0,0.0,0.4004,0.0,0.0,0.1596,0.0,0.0,0.0,0.0,0.0,0.0,0.1173,0.0,0.0431,0.0,0.0,0.0,0.0,0.1171,0.0,0.0,0.0,0.1365,0.0,0.0,0.0,0.0,22.518,77.694,2.0357,0.0,0.0,1.0382,0.291,24.7227,4.7008,15.9114,0.2183,77.8014,19.3428,dfnormal_numeric
C3L-02809-06-normal,0.0,0.0,0.0,0.0,0.0,0.0,0.0,0.0,0.0796,0.0,0.0,0.0,0.0,0.0,0.0,0.0585,0.0,0.043,0.0,0.0,0.0,0.0,0.0584,0.0,0.0,0.0,0.4423,0.0,0.0,0.0,0.0,59.5013,195.5153,9.868,0.0,0.019,3.7778,1.8237,41.1166,14.0404,67.5657,1.2842,54.534,71.1692,dfnormal_numeric
C3L-02888-04-normal,0.0,0.0,0.0,0.0,0.0,0.0,0.0,0.0,0.2057,0.0,0.0,0.0,0.0,0.0,0.0,0.0,0.0,0.0,0.0,0.0,0.0,0.0,0.7543,0.0,0.0,0.0,0.0,0.0,0.0,0.0,0.0,34.7999,94.1415,8.7091,0.0337,0.0328,2.4083,1.2145,23.7176,7.8766,38.8741,0.5252,45.2278,27.9671,dfnormal_numeric
C3L-02899-06-normal,0.0,0.0,0.0,0.0,0.0,0.0925,0.0,0.0,0.0738,0.0,0.0454,0.0,0.0,0.0,0.0,0.0,0.0,0.0,0.0,0.0,0.0,0.0,0.0541,0.0,0.0,0.0,0.0315,0.0,0.0,0.0,0.0,68.2115,154.1739,16.7667,0.0,0.0176,3.0227,1.4219,31.7676,12.5848,56.8935,3.3095,53.7995,47.1904,dfnormal_numeric
C3L-02956-06-normal,0.0,0.0,0.0,0.0,0.0,0.0,0.0,0.0,0.0697,0.0,0.0,0.0284,0.0,0.0,0.0418,0.0513,0.0,0.0,0.0,0.0,0.0422,0.0,0.1023,0.0,0.0,0.1239,0.0894,0.0754,0.0,0.0,0.0,62.9222,147.2292,8.1198,0.0,0.0167,2.2221,0.5448,23.5843,8.5886,43.3616,1.3542,59.4956,31.8957,dfnormal_numeric
C3L-03123-04-normal,0.0,0.0,0.0,0.0,0.0,0.0,0.0,0.0,0.1062,0.0,0.0327,0.0,0.0,0.0,0.0,0.0,0.0,0.0,0.0,0.0,0.0,0.0,0.8177,0.0,0.0,0.0,0.0,0.0,0.0,0.0,0.0,25.4754,55.6311,5.3426,0.0,0.0127,2.8144,0.4149,20.3565,4.3731,17.6425,0.6681,30.6943,8.1291,dfnormal_numeric
C3L-03348-04-normal,0.0,0.0,0.0,0.0,0.0,0.0,0.0,0.0,0.072,0.0,0.0,0.0294,0.0245,0.0,0.0,0.0,0.0,0.0,0.0,0.0,0.0,0.0,0.4227,0.0,0.0,0.0,0.0,0.0,0.0,0.0,0.0,42.8754,37.0475,3.802,0.0354,0.0,2.9754,0.0751,20.1151,2.465,13.1808,1.0445,61.0978,5.2247,dfnormal_numeric
C3L-03513-01-normal,0.0,0.0,0.0,0.0,0.0,0.0,0.0,0.0,0.2025,0.0,0.0,0.0,0.0,0.0,0.0,0.0425,0.0,0.0312,0.0,0.0,0.0,0.0,0.2121,0.0,0.0,0.0,0.1731,0.0,0.0,0.0,0.0,39.3827,163.9485,8.8227,0.0,0.0,2.8594,0.6629,38.4906,13.1059,63.1697,0.6804,49.7255,46.3268,dfnormal_numeric
C3L-03743-04-normal,0.0,0.0,0.0,0.0,0.0,0.1305,0.0,0.0,0.052,0.0,0.0,0.0424,0.0,0.0,0.0,0.0,0.0,0.0,0.0,0.0,0.0,0.0,0.0,0.0,0.0,0.0,0.0668,0.0,0.0,0.0,0.0,56.33,152.7998,1.4556,0.0128,0.0373,1.2354,0.1898,52.3386,7.1353,35.7799,0.1281,45.3772,17.2257,dfnormal_numeric
C3L-04027-07-normal,0.0,0.0,0.0,0.0,0.0,0.0,0.0,0.0,0.355,0.0,0.0,0.0,0.0,0.0427,0.0,0.0,0.0,0.0,0.0,0.0,0.0,0.0,0.2604,0.0,0.0,0.0,0.0911,0.7682,0.3098,0.2324,0.0,20.675,75.3631,2.4107,0.0,0.0,5.2876,0.111,31.8578,19.2795,49.3993,0.0777,77.4764,12.4552,dfnormal_numeric
C3L-04072-06-normal,0.0,0.0,0.0,0.0,0.0,0.0,0.0,0.0,0.0278,0.0,0.0,0.0226,0.0,0.0,0.0,0.0,0.0,0.0,0.0,0.0,0.0,0.0,0.2036,0.0,0.0,0.0,0.1899,0.0601,0.0,0.0,0.0,36.4215,118.5866,9.1704,0.0136,0.0265,3.033,0.4338,37.788,11.126,36.9395,0.8352,57.4706,19.5116,dfnormal_numeric
C3L-04080-06-normal,0.0,0.0,0.0,0.0,0.0,0.0905,0.0,0.0,0.1443,0.0,0.0,0.0882,0.0,0.0,0.0,0.1061,0.0,0.0,0.0,0.0,0.0,0.0,0.0529,0.0,0.0,0.0,0.0,0.0,0.0,0.0,0.0,23.5296,74.6025,1.4341,0.0,0.0,0.7742,0.2255,24.7025,5.9242,17.8748,0.0197,63.755,14.712,dfnormal_numeric
C3L-04475-04-normal,0.0,0.0,0.0,0.0,0.0,0.0754,0.0,0.0,0.0601,0.0,0.0,0.049,0.0205,0.0,0.0,0.0,0.0,0.0,0.0,0.0,0.0,0.0,0.1763,0.0,0.0,0.0,0.0514,0.065,0.0,0.0,0.0,27.3885,75.7942,1.3746,0.0,0.0,0.8992,0.2192,30.1433,5.9058,14.4992,0.0658,54.5074,9.2031,dfnormal_numeric
C3L-07032-01-normal,0.0,0.0,0.0,0.0,0.0,0.0,0.0,0.0,0.0847,0.0,0.0,0.0,0.0,0.0,0.0,0.0,0.0,0.0,0.0,0.0,0.0,0.0,0.6213,0.0,0.0,0.0,0.0,0.1466,0.0,0.0,0.0,21.4385,33.0829,3.6124,0.0,0.0,2.4353,0.3354,17.4399,2.9897,10.3699,0.3893,32.68,5.5241,dfnormal_numeric
C3L-07033-01-normal,0.0,0.0,0.0,0.0,0.0,0.0,0.0,0.0,0.0737,0.0,0.0,0.0,0.0,0.0,0.0,0.0,0.0,0.0597,0.0,0.0,0.0,0.0,0.7292,0.0,0.0,0.0,0.0157,0.0,0.0,0.0,0.0,21.0642,49.5426,4.1917,0.0,0.0,2.6348,0.3837,17.3684,3.0513,15.5913,0.4936,24.5846,6.7571,dfnormal_numeric
C3L-07034-01-normal,0.0,0.0,0.0,0.0,0.0,0.0,0.0,0.0,0.0477,0.0,0.0293,0.0,0.0,0.0,0.0,0.0,0.0,0.0,0.0,0.0,0.0,0.0,0.1748,0.0,0.0,0.0,0.0,0.0,0.0,0.0,0.0,32.2961,39.4422,3.1616,0.0117,0.0,1.4573,0.3973,12.6152,2.3885,10.9123,0.1434,25.8325,3.9596,dfnormal_numeric
C3L-07035-01-normal,0.0,0.0,0.0,0.0,0.0,0.0,0.0,0.0,0.0,0.0,0.0201,0.04,0.0,0.0,0.0,0.0,0.0,0.0,0.0,0.0,0.0,0.0,0.144,0.0,0.0,0.0,0.028,0.0,0.0,0.0,0.0,25.3291,37.9955,3.4889,0.0,0.0078,1.3729,0.1875,15.2526,2.8635,15.4931,0.385,25.2413,4.179,dfnormal_numeric
C3L-07036-01-normal,0.0,0.0,0.0,0.0,0.0,0.0,0.0,0.0,0.0236,0.0,0.0,0.0,0.0,0.0,0.0,0.0,0.0,0.0,0.0,0.0,0.0,0.0,0.1728,0.0,0.0,0.0,0.0201,0.0,0.0,0.0,0.0,32.4563,38.3958,5.089,0.0,0.0113,1.7161,0.1473,13.5152,1.9576,9.432,0.6831,40.6301,2.7453,dfnormal_numeric
C3L-07037-01-normal,0.0,0.0,0.0,0.0,0.0,0.0,0.0,0.0,0.2074,0.0,0.0,0.0,0.0,0.0,0.0,0.0381,0.0,0.0,0.0,0.0,0.0,0.0,0.2282,0.0,0.0,0.0,0.0,0.0,0.0,0.0,0.0,24.3102,95.7793,7.5167,0.0,0.0,3.4739,0.9454,30.3982,7.8577,27.9945,0.3546,45.1446,19.6394,dfnormal_numeric
C3N-00198-06-normal,0.0,0.0,0.0,0.0,0.0,0.0,0.0,0.0,0.2916,0.0,0.0,0.0,0.0221,0.0,0.0,0.0,0.0,0.0,0.063,0.0,0.0,0.0,0.0,0.0,0.018,0.0,0.5819,0.0,0.0,0.0,0.0,34.5955,148.2617,7.4899,0.0159,0.0,2.4446,0.6752,20.885,10.7543,41.3123,0.4255,67.0329,60.2544,dfnormal_numeric
C3N-00436-05-normal,0.0,0.0,0.0,0.0,0.0,0.0,0.0,0.0,0.1311,0.0,0.0,0.0,0.0179,0.0,0.0,0.0385,0.0,0.0,0.0,0.0,0.0317,0.0,0.3845,0.0,0.0,0.0,0.0897,0.0,0.0,0.0572,0.0,41.8091,118.7791,8.4659,0.0,0.0,1.9094,0.5189,29.3477,7.8669,39.0971,0.5736,52.601,25.7038,dfnormal_numeric
C3N-00517-05-normal,0.0,0.0,0.0,0.0,0.0,0.0794,0.0,0.0,0.0475,0.0,0.0,0.0129,0.0,0.0,0.0,0.0,0.0,0.0,0.0,0.0,0.0,0.0,0.418,0.0,0.0,0.0,0.0542,0.0,0.0,0.0,0.0,30.3237,81.964,7.3584,0.0,0.0227,1.8329,0.6763,23.3565,4.0784,20.0819,0.3811,44.1084,12.0709,dfnormal_numeric
C3N-00518-05-normal,0.0,0.0,0.0,0.0,0.0,0.0,0.0,0.0,0.2809,0.0,0.0,0.0,0.0,0.0375,0.0,0.0918,0.0,0.0,0.0,0.0,0.0,0.0,0.0,0.0,0.0,0.0,0.0801,0.2026,0.0,0.0,0.0,71.5394,178.873,10.2798,0.0,0.0298,4.893,1.1708,44.4466,11.4286,53.9368,1.9981,69.9912,55.6487,dfnormal_numeric
C3N-01011-06-normal,0.0,0.0,0.0,0.0,0.0,0.1755,0.0,0.0,0.0466,0.0,0.0,0.038,0.0,0.0,0.0,0.0,0.0,0.0,0.0,0.0,0.0564,0.0,0.2052,0.0,0.0,0.0,0.1396,0.1009,0.0,0.0,0.0,31.5622,104.4815,10.199,0.0115,0.0111,1.7443,0.5102,24.459,4.7764,27.2849,0.5359,41.5275,18.5034,dfnormal_numeric
C3N-01385-05-2-normal,0.0,0.0,0.0,0.0,0.0,0.1338,0.0,0.0,0.16,0.0,0.0,0.0435,0.0,0.0321,0.0,0.0,0.0,0.0,0.0,0.0,0.0,0.0,0.1174,0.0,0.0,0.0,0.0228,0.1154,0.0,0.0,0.0,39.88,124.1379,11.4389,0.0262,0.0127,3.3653,1.0003,28.0097,6.7402,27.0031,0.8609,63.5195,17.6236,dfnormal_numeric
C3N-01385-05-normal,0.0671,0.0,0.0,0.0,0.0,0.0,0.0,0.1219,0.0,0.0,0.0,0.0,0.0,0.0,0.0,0.0,0.0,0.0,0.0,0.0,0.0,0.0,0.1426,0.0,0.0,0.0,0.0416,0.1052,0.0,0.0,0.0,32.4864,102.6944,8.6975,0.0119,0.0116,2.7667,0.861,23.9402,5.2042,26.3648,0.9176,48.6461,16.3329,dfnormal_numeric
C3N-01719-01-normal,0.0,0.0,0.0,0.0,0.0,0.0,0.0,0.0,0.1542,0.0,0.0316,0.0,0.0,0.0927,0.0,0.0378,0.0,0.0,0.0,0.0,0.0,0.0,0.0377,0.0,0.0143,0.0,0.0659,0.4449,0.0,0.1122,0.0,60.9472,178.1192,9.5317,0.0253,0.0,2.8921,1.2051,35.7055,13.8583,53.9024,1.0687,49.3667,33.8727,dfnormal_numeric
C3N-01898-05-2-normal,0.0,0.0,0.0,0.0,0.0,0.0,0.0,0.0302,0.0362,0.0,0.0,0.0098,0.0,0.0,0.0,0.0,0.0,0.0,0.0,0.0,0.0,0.0,0.7249,0.0,0.0067,0.0,0.0103,0.0,0.0,0.0,0.0,21.3885,29.3075,2.6932,0.0059,0.0115,1.5211,0.3014,7.7366,1.7737,8.9806,0.4221,21.7109,4.3639,dfnormal_numeric
C3N-01898-05-normal,0.0,0.0,0.0,0.0,0.0,0.0392,0.0,0.0,0.0626,0.0,0.0,0.0,0.0,0.0,0.0,0.0,0.0,0.0,0.0,0.0,0.0,0.0,0.6885,0.0,0.0,0.0,0.0,0.0,0.0,0.0,0.0,20.4068,27.2475,1.9652,0.0077,0.0,1.3738,0.3586,8.3244,1.5908,9.294,0.3424,16.2702,4.054,dfnormal_numeric
C3N-01899-03-normal,0.0,0.0,0.0,0.0,0.0,0.1019,0.0,0.0,0.0406,0.0,0.0,0.0993,0.0,0.0488,0.0,0.0,0.0,0.0439,0.0,0.0,0.0,0.0,0.1192,0.0,0.0,0.0,0.0347,0.4395,0.0,0.0,0.0,62.2069,173.0194,13.7916,0.02,0.0,4.6499,1.9468,40.3461,10.6031,57.4572,2.4891,79.9348,58.6682,dfnormal_numeric
C3N-01998-01-normal,0.0,0.0,0.0,0.0,0.0,0.0665,0.0,0.0,0.2385,0.0,0.0,0.0,0.0723,0.0,0.0,0.0779,0.0,0.0286,0.0,0.0,0.0,0.0,0.0777,0.0,0.0,0.0,0.204,0.172,0.0,0.0,0.0,49.3673,145.5732,9.2596,0.0,0.0127,2.9822,0.4694,36.412,9.5869,49.2307,0.667,56.8081,36.1428,dfnormal_numeric
C3N-02010-06-normal,0.0,0.0,0.0,0.0,0.0,0.0,0.0,0.0,0.0725,0.0,0.0,0.0295,0.0,0.0,0.0,0.0,0.0,0.0,0.0,0.0,0.0438,0.0,1.0096,0.0,0.0,0.0,0.031,0.0,0.0,0.0,0.0,48.8862,176.9603,26.4602,0.0,0.0,2.3091,0.5661,43.0771,11.0144,62.6549,1.0108,50.9509,26.6772,dfnormal_numeric
C3N-02589-03-normal,0.0,0.0,0.0,0.0,0.0,0.0,0.0,0.0,0.1108,0.0,0.0,0.0226,0.0,0.0,0.0,0.0,0.0,0.0,0.0538,0.0,0.0,0.0,0.0406,0.0,0.0,0.0,0.1184,0.0,0.0,0.0,0.0,34.6914,167.0611,9.3433,0.0136,0.0,3.1879,0.6347,39.5827,9.5699,40.7136,0.9393,48.535,20.5979,dfnormal_numeric
C3N-02594-04-2-normal,0.0,0.0,0.0,0.0,0.0,0.0,0.0,0.0,0.2201,0.0,0.0,0.0717,0.03,0.0,0.0,0.0,0.0,0.0,0.0,0.0,0.0,0.0,0.0646,0.0,0.0244,0.0,0.0753,0.0,0.0,0.0,0.0,54.7911,168.8741,12.4498,0.0216,0.042,6.8128,1.8341,39.0673,12.069,56.62,2.3597,80.6657,49.0516,dfnormal_numeric
C3N-02594-04-normal,0.0,0.033,0.0,0.0,0.0,0.0,0.0,0.0,0.1588,0.0,0.0391,0.0,0.0,0.0382,0.0,0.0,0.0,0.0,0.0,0.0,0.0,0.0,0.0466,0.0,0.0,0.0,0.2444,0.0,0.0,0.0,0.0,48.6118,193.7468,13.1967,0.0156,0.0152,3.2018,1.7868,39.9273,11.069,64.4142,1.3901,57.1469,48.508,dfnormal_numeric
C3N-02696-05-2-normal,0.0,0.0,0.0,0.0,0.0,0.0,0.0,0.0,0.21,0.0,0.0,0.0,0.0,0.0,0.0,0.0,0.0,0.0,0.0,0.0,0.0,0.0,0.2567,0.0,0.0,0.0,0.0599,0.0,0.0,0.0,0.0,53.4752,201.4305,18.2374,0.0344,0.0334,3.278,1.1669,36.4649,8.7595,53.1247,0.8234,54.4498,35.0161,dfnormal_numeric
C3N-02696-05-normal,0.0,0.0,0.0,0.0,0.0,0.1014,0.0,0.0,0.2022,0.0,0.0,0.0,0.0,0.0486,0.0,0.0,0.0,0.0,0.0,0.0,0.0,0.0,0.0593,0.0,0.0,0.0,0.2421,0.0,0.0,0.0,0.0,79.1325,163.6602,13.928,0.0,0.0386,3.2875,1.2217,30.9502,13.6778,52.4181,3.3847,89.4005,60.757,dfnormal_numeric
C3N-02754-03-normal,0.0,0.0,0.0256,0.0,0.0,0.0658,0.0,0.1316,0.2886,0.0,0.0,0.0428,0.0,0.0,0.0,0.0,0.0,0.0,0.0,0.0,0.0,0.0,0.6543,0.0,0.0146,0.0,0.0673,0.0,0.0,0.0,0.0,25.5004,73.7592,6.0194,0.0129,0.0251,2.4747,0.5194,20.8136,4.5021,21.8303,0.6173,47.82,15.94,dfnormal_numeric
C3N-02765-03-normal,0.0,0.0,0.0,0.0,0.0,0.0,0.0,0.0,0.0827,0.0,0.0,0.0,0.0,0.0,0.0,0.0243,0.0,0.0,0.0,0.0,0.0,0.0,0.6795,0.0,0.0,0.0,0.0141,0.0,0.0,0.0,0.0,15.2016,36.1737,5.4779,0.0,0.0079,1.7541,0.5344,14.0664,2.2322,10.2085,0.2173,38.6332,7.2408,dfnormal_numeric
C3N-02768-03-normal,0.0,0.0,0.0271,0.0,0.0,0.0,0.0,0.0,0.2504,0.0,0.0,0.068,0.0,0.0669,0.0,0.0818,0.0,0.0,0.0,0.0,0.0,0.0,0.2041,0.0,0.0,0.0,0.0714,0.1806,0.0,0.0,0.0,49.2738,158.1379,16.0368,0.0,0.0133,2.4433,0.8408,33.3597,10.1472,48.0819,1.02,49.5515,30.4962,dfnormal_numeric
C3N-02930-03-2-normal,0.0,0.0,0.0,0.0,0.0,0.0,0.0,0.0,0.0882,0.023,0.0,0.0,0.0,0.0,0.0,0.0,0.0,0.0,0.0,0.0,0.0,0.0,0.3881,0.023,0.0,0.0,0.0302,0.0382,0.0,0.0,0.0,23.3407,49.629,3.966,0.0,0.0169,1.962,0.6616,15.4382,2.7852,15.5733,0.4247,32.5838,8.9665,dfnormal_numeric
C3N-02930-03-normal,0.0,0.0,0.0,0.0,0.0,0.0,0.0286,0.0,0.0225,0.0,0.0,0.0,0.0154,0.0,0.0,0.0,0.0,0.0,0.0,0.0,0.0,0.0,0.3307,0.0,0.0,0.1336,0.0,0.0,0.0,0.0,0.0,15.702,28.3882,2.1183,0.0,0.0,1.4666,0.1645,7.9876,1.8297,8.4733,0.3701,20.9986,4.1094,dfnormal_numeric
C3N-02996-04-2-normal,0.0,0.0,0.0,0.0,0.0,0.0,0.0,0.0,0.0861,0.0,0.0,0.0,0.0,0.0,0.0,0.0,0.0,0.0,0.0,0.0,0.0,0.0,0.4001,0.0,0.0,0.0,0.0,0.0,0.0,0.0,0.0,11.9316,16.9436,2.1769,0.0,0.0069,1.7554,0.1645,8.5353,1.2982,4.4287,0.1492,26.8397,2.5628,dfnormal_numeric
C3N-02996-04-normal,0.0,0.0,0.0,0.0,0.0,0.0,0.0,0.0,0.0,0.0,0.0,0.0,0.0,0.2756,0.0,0.0,0.0261,0.0,0.0,0.0,0.0,0.0,1.6808,0.0,0.0,0.0,0.0,0.0,0.0,0.0,0.0,23.1264,25.3326,4.3275,0.0,0.0,2.6169,0.2388,13.1948,1.8547,5.2651,0.8917,59.4041,4.8302,dfnormal_numeric
C3N-03069-03-normal,0.1401,0.0,0.0,0.0338,0.0,0.0,0.0322,0.0,0.1268,0.0,0.0,0.0,0.0,0.0,0.0,0.0373,0.0,0.0,0.0,0.0,0.0,0.0,1.5996,0.0,0.0141,0.0,0.0,0.0,0.0,0.1107,0.0,28.6349,43.762,3.0519,0.0,0.0,2.9858,0.2907,22.6547,3.1986,16.7723,0.3885,36.2147,5.7227,dfnormal_numeric
C3N-03173-06-normal,0.0,0.0,0.0,0.0,0.0,0.2273,0.0,0.0,0.2265,0.0,0.0,0.1477,0.0,0.0,0.0,0.0,0.0,0.0,0.0,0.0,0.0,0.0,0.0665,0.0,0.0,0.0,0.0,0.0,0.0,0.0,0.0,17.8226,60.0962,1.6738,0.0,0.0,1.3556,0.3304,21.5253,6.2455,17.0999,0.1239,52.6101,24.2654,dfnormal_numeric
C3N-03440-04-normal,0.0,0.0,0.0,0.0,0.0,0.0,0.0,0.0,0.2102,0.0,0.0,0.0,0.0,0.0,0.0,0.0,0.0,0.0,0.0,0.0,0.0,0.0,0.9762,0.0,0.0,0.0,0.0599,0.0,0.0,0.0,0.0,23.8687,68.7919,7.4808,0.0344,0.0,2.096,0.3649,23.7944,4.2121,21.6121,0.5174,42.8457,9.6405,dfnormal_numeric
C3N-03780-04-normal,0.0,0.0,0.0,0.0,0.0,0.0537,0.0,0.0,0.2141,0.0,0.0,0.0175,0.0,0.0,0.0,0.0,0.0,0.0231,0.0,0.0,0.0,0.0,0.8166,0.0,0.0,0.0,0.0183,0.0,0.0,0.0,0.0,23.8987,96.6429,6.4417,0.1052,0.0205,1.3371,0.4685,22.0127,3.7683,20.9075,0.3749,31.4455,11.5482,dfnormal_numeric
C3N-04283-04-normal,0.0,0.0,0.0,0.0,0.0,0.0,0.0,0.0,0.068,0.0,0.0,0.0,0.0,0.0,0.0,0.0,0.0,0.0,0.0,0.0,0.0,0.0,0.1663,0.0,0.0,0.0,0.0194,0.0491,0.0,0.0495,0.0,36.5533,73.9376,4.3562,0.0111,0.0108,1.8436,0.5434,30.0515,5.2319,22.0283,0.3722,48.605,11.3856,dfnormal_numeric
